:020000040800F2
:100000006815002021030008796F0008096C0008BA
:10001000756F000861090008F583000833030008C4
:100020000000000000000000000000005D740008F7
:10003000390B0008000000007D6F000861740008A3
:100040003D0300083D0300083D0300083D03000890
:100050003D0300083D0300083D0300083D03000880
:100060003D0300083D0300083D0300083D03000870
:100070003D0300083D0300083D0300083D03000860
:100080003D0300083D0300083D0300083D03000850
:100090003D0300083D0300083D0300083D03000840
:1000A0003D0B00083D0300083D0300084D0B000810
:1000B000590B00083D0300083D0300083D030008FC
:1000C0003D0300083D0300083D0300083D03000810
:1000D0003D0300083D0300083D0300083D03000800
:1000E0003D0300083D0300083D0300083D030008F0
:1000F0003D0300083D0300083D0300083D030008E0
:100100003D0300083D0300083D0300083D030008CF
:100110003D0300083D0300083D0300083D030008BF
:100120003D0300083D0300083D0300083D030008AF
:100130003D0300083D0300083D0300083D0300089F
:100140003D0300083D0300083D0300083D0300088F
:100150003D0300083D0300083D0300083D0300087F
:100160000000000000000000858300083D03000837
:100170003D0300083D0300083D0300083D0300085F
:100180003D0300083D0300083D0300080000000097
:10019000000000003D030008000000000000000017
:1001A00000000000000000003D0300083D030008BF
:1001B0003D0300083D0300083D0300083D0300081F
:1001C0003D0300083D03000800000000000000009F
:1001D0000000000000000000000000003D030008D7
:1001E0003D0300083D03000800000000000000007F
:1001F0003D0300083D0300083D0300080000000027
:10020000000000003D0300083D0300083D03000816
:100210003D0300083D0300083D0300083D030008BE
:100220003D03000800000000000000003D0300083E
:100230003D03000800000000000000000000000076
:100240000000000000000000000000003D03000866
:100250003D03000800F002F800F052F814A696E8FA
:10026000000CB244B344DA4501D100F049F8BAE8D1
:100270000F000FA696E83000A5EB040504EB060777
:10028000AAEB0704A7F101074FEA15154FEA34144A
:10029000A4F10104AC4201D300F032F813F0010FD5
:1002A00018BFFB1A43F0010300F001F8DBE7184721
:1002B00000C6000020C60000103A24BF78C878C1EC
:1002C000FAD8520724BF30C830C144BF04680C605C
:1002D000704700007047000000230024002500261E
:1002E000103A28BF78C1FBD8520728BF30C148BF99
:1002F0000B6070471FB50CF03FFA1FBD10B510BD65
:1003000000F08AF91146FFF7F5FF09F0B9F900F09E
:10031000A8F903B4FFF7F2FF03BC00F0AFF9000047
:100320000A4880470A480047FEE7FEE7FEE7FEE787
:10033000FEE7FEE7FEE7FEE7FEE7FEE7FEE700007A
:1003400004480549054A064B70470000357500080A
:1003500055020008680F0020681500206811002071
:100360006811002053EA020C00F069802DE9F04B7F
:100370004FF00006002B1FBFB3FA83F503FA05F414
:1003800024FA05F65E4012BF1643B2FA82F502FA6D
:1003900005F4C5F120051EBF22FA05FC44EA0C0451
:1003A000203556EA044C4FEA144418BF641C4FF041
:1003B00000084FF00009904271EB030C39D300297B
:1003C00019BFB1FA81F701FA07F6B0FA80F700FA1F
:1003D00007F6C7F120071EBF20FA07FC46EA0C0605
:1003E0002037B6FBF4FCA7EB0507103F07F01F0B07
:1003F000CBF120062CFA06F60CFA0BFB44BFB346F1
:100400000026202FA4BF5E464FF0000B5BEA060CCF
:1004100008BF4FF0010B19EB0B0948EB0608ABFBCB
:10042000027C06FB02CC0BFB03CCC01B71EB0C0166
:10043000C1E70B46024641464846BDE8F08B13B57E
:10044000084318BF4FF0FF300146AFF30080BDE80E
:100450001C40704710B5431C02E010F8011B71B13D
:100460008107FAD14FF0013202C88C1A8C4314EA8A
:10047000C211F9D0C01A0A0603D0C01E10BDC01A9E
:1004800010BD0A0401D0801E10BD0902FCD0401E20
:1004900010BD032A40F2308010F0030C00F01580EC
:1004A00011F8013BBCF1020F624498BF11F801CB77
:1004B00000F8013B38BF11F8013BA2F1040298BFDC
:1004C00000F801CB38BF00F8013B11F0030300F046
:1004D0007180083AC0F0088051F8043B083A51F89E
:1004E00004CBA0E80810F5E7121D5CBF51F8043BEF
:1004F00040F8043BAFF30080D20724BF11F8013B62
:1005000011F801CB48BF11F8012B24BF00F8013BC3
:1005100000F801CB48BF00F8012B70474FF00002F4
:100520000429C0F0128010F0030C00F01B80CCF105
:10053000040CBCF1020F18BF00F8012BA8BF20F873
:10054000022BA1EB0C0100F00DB85FEAC17C24BFC7
:1005500000F8012B00F8012B48BF00F8012B704771
:100560004FF0000200B5134694469646203922BF4C
:10057000A0E80C50A0E80C50B1F12001BFF4F7AF97
:10058000090728BFA0E80C5048BF0CC05DF804EB79
:10059000890028BF40F8042B08BF704748BF20F8E7
:1005A000022B11F0804F18BF00F8012B70477047E5
:1005B0007047704710B5203AC0F00B80B1E8185072
:1005C000A0E81850B1E81850A0E81850203ABFF43D
:1005D000F5AF5FEA027C24BFB1E81850A0E81850DC
:1005E00044BF18C918C0BDE810405FEA827C24BF30
:1005F00051F8043B40F8043B08BF7047D20728BFBE
:1006000031F8023B48BF11F8012B28BF20F8023B0C
:1006100048BF00F8012B7047754600F02BF8AE4636
:1006200005006946534620F00700854618B020B5FE
:10063000FFF786FEBDE820404FF000064FF00007B0
:100640004FF000084FF0000BAC46ACE8C009ACE836
:10065000C009ACE8C009ACE8C00921F007018D462B
:10066000704710B50446AFF300802046BDE8104047
:10067000FFF74FBE00487047400000200149182096
:10068000ABBEFEE726000200704700000146C06DC9
:10069000836D826D13F0500F08D0D20648BF00F072
:1006A00051BC006D826E0846104700BF42F40071D5
:1006B000816501680B68CA681B0703D4910707D5D9
:1006C00000F03CBC12F4406FFAD1C9688904F7D439
:1006D000816D21F480718165816DC90448BF00F08E
:1006E0002DBC816D41F00101816500F027BC000047
:1006F000C06D816D41F040018165C16D41F0040123
:10070000C16500F01FBC0000C06D00F019BC000006
:1007100070B582B004460020019021688A68D20733
:1007200011D14FF6C076C7F6FF76886806F17F02D2
:1007300010420BD0A06D40F01000A065E06D40F0BD
:100740000100E065012002B070BD00BF8868304044
:1007500040F00100886048F20830C4F202200068CE
:10076000000221D402F0BAF821680A68D20717D132
:10077000054602E00868C00712D18868C00704D1A6
:100780008868304040F00100886002F0A7F8401B04
:1007900021680328EED30868C007EBD1CAE700BF81
:1007A000002002B070BD00BF40F22400C2F2000081
:1007B000006842F663518009C0F23E51A0FB01017E
:1007C0008809022101EB4000019001980028C9D05E
:1007D00001980138019001980028C3D00198013890
:1007E000019001980028BDD001980138019001982E
:1007F0000028B7D001980138019001980028E7D16E
:10080000B0E7000000281CBF6FF0010070472DE921
:10081000F04186B040F68C40C4F2024002680024E9
:1008200042F0010202600268C4F2022402F00102F6
:100830000192019A026801AD42F001020260026871
:10084000022702F001020192019A02694FF00708A3
:1008500042F40032026100690E4600F4003001905B
:100860000198042001900120039020462946029718
:100870000497CDF8148001F067FF0820CDE9010747
:1008800020462946CDF8148001F05EFF40F2245046
:10089000C2F20000314606F053FB002818BF6FF08B
:1008A000030006B0BDE8F0817047000000EB400097
:1008B00040F2B851C2F2000101EB800001F008BF24
:1008C00010B586B040F68C42C4F20242136804466A
:1008D00043F004031360126802F0040001900198D1
:1008E0004FF40050019040F600004FF00202C4F2B5
:1008F00002200392049239B30021C1F21101029146
:1009000001A901F021FF04EB440040F2B851C2F20A
:10091000000101EB80040D21C0F20061204601F0CE
:10092000D1FE40F659122046C0F60002002101F027
:10093000F9FE18200F21002202F072F8182002F0B0
:100940005DF8002006B010BD0021029101A901F060
:10095000FBFE002006B010BD0020FFF7A5BF000081
:10096000FEE700002DE9F043D2F800C0D0F808E01F
:10097000002953D0BEF1000F4FF0000464D04FF6B1
:10098000FC7311EA03094FF000074FF0000300F079
:10099000B58005684FF6FC732B40BEF1020F4FF097
:1009A000010455D34B4553D04FF6FF7425EA040696
:1009B00005274FF6FC7800BF46EA030454F82C5094
:1009C000FC1E744505EA08054ED24D454CD046EA5A
:1009D000050353F82C30BC1E744503EA08031AD2F1
:1009E0004B4518D046EA030454F82C507C1E74453D
:1009F00005EA080538D24D4536D046EA050353F8D6
:100A00002C30774503EA080307F1040402D24B4572
:100A10002746D1D1043C1F462B466FE0BEF1000FA4
:100A20001AD004684FF6FC75BEF1010304EA05070D
:100A300016D04FF6FF75AC43AEF10205032D03F05F
:100A4000030813D230E000BF0027002356E000BFA8
:100A50001F46002352E000BF00230027002456E079
:100A60000124002353E000BF2F4647E023F0030595
:100A70004FF6FC7644EA070353F82C30043D03EAB2
:100A8000060343EA040353F82C3003EA060343EA5F
:100A9000040353F82C3003EA060344EA030757F82B
:100AA0002C7007EA0607E5D13D46B8F1000F24D0C7
:100AB00044EA050353F82C604FF6FC73B8F1010FBC
:100AC00006EA030604D1744637462B4616E000BFFB
:100AD00044EA060555F82C50B8F1020F03EA050365
:100AE00004D174461F46334608E000BF1C4354F847
:100AF0002C404FF6FC7504EA0507744639B14FF6F1
:100B0000FC7631408F421CBF0120BDE8F083408855
:100B1000946043EA004147EA00435160D36053F8D0
:100B20002C1029B14FF6FC730004194008431061E2
:100B30000020BDE8F0830000704700000020FFF7B0
:100B4000B5BE000072B600BFFEE7000040F23440C0
:100B5000C2F2000001F0A8B940F2AC40C2F20000BD
:100B600001F0A2B9F0B581B00022009290F85420B3
:100B7000012A03D10221084601B0F0BD0123076814
:100B800080F85430BB685B0750D40B6848F2083CCF
:100B9000012BC4F2022C0AD00226C0F23046B34226
:100BA0000FD1CE680025C4F27F05AE4209D14FF6C1
:100BB000C056CFF6FF765CF8065045F001054CF8BC
:100BC00006504E681F22C6F3012506F01F0607EBEC
:100BD0008505C3F384632C6BB24024EA0202B34060
:100BE0001A432A63BA68BB6802F0040203F00803E0
:100BF000D21840F0BC800A6807F11403C2F34064C5
:100C000004268D6806EAD25E53F82460C2F30454C9
:100C10000722A240B5F1004F26EA02060CD143F8A4
:100C20000E601A6842F000430EE000BF816D41F093
:100C30002001816501217BE105FA04F2324343F88A
:100C40000E201A6822F000437B61D1E90435FE686A
:100C5000042B5FD13A6E3A6E0B68C2F3846293FA4A
:100C6000A3F4B4FA84F5C3F3846E6FF31F532C46D8
:100C7000002B08BF7446A2424FF6FF74C0F20F0467
:100C80000CD13A6E22F000423A660A6802EA040386
:100C9000C2F3846E92FAA2F2B2FA82F57A6E7A6E9A
:100CA000002BC2F384622E4608BF7646B2420CD1B6
:100CB0007A6E22F000427A660A6802EA0403C2F3FE
:100CC000846E92FAA2F2B2FA82F5BA6EBA6E002B74
:100CD000C2F384622E4608BF7646B2420CD1BA6E89
:100CE00022F00042BA660A6802EA0403C2F3846E84
:100CF00092FAA2F2B2FA82F5FA6EFA6E002B08BFEF
:100D00007546C2F38462AA4231D1FA6E22F00042E3
:100D1000FA662CE0062202EA960207F16004D1F896
:100D200000E054F8236005FA02F24FF20005C0F229
:100D3000FF3535400EF0F84632432A4342F0004278
:100D400044F823200A698B6954F8226026F08076E3
:100D5000334344F822300A690B7F54F82260012B98
:100D600026F0007608BF06F1007644F82260BA68E3
:100D70000C68D20752D1CA68D7F8B06023466FF327
:100D80001F5326EA030E4FF6FF7602F01805C0F255
:100D90000F0626FA05F5254045EA0E060025C4F2A1
:100DA0007F05AA42C7F8B06038D18BB194FAA4F29B
:100DB000B2FA82F2013202F01E03092B02F01F0385
:100DC0000FD8012203EB43069A4042EA065315E08E
:100DD000012202EB946202F01E030A2B02F01F03B1
:100DE000EFD303EB43020025CFF62065012605EB88
:100DF000025206FA03F31A4342F00073C3F340624F
:100E0000C3F3045307EB82028E68556907249C40A4
:100E1000A54306FA03F32B4353610C680021C8F283
:100E200008010C4200F08380DCF800500021CCF275
:100E300021318C4205F0E07108BF15F4000215D095
:100E40000022C4F2293294424AD10022B2EB116F3F
:100E500046D1ACF50272974269D1DCF8002022F04D
:100E6000E072114341F080715FE000BFACF5427267
:100E700097425CD1DCF8002022F0E072114341F48B
:100E80000001CCF8001040F22401C2F20001096810
:100E900042F663528909C0F23E52A1FB0212910947
:100EA000022202EB41010091009900293FD00099F4
:100EB000013900910099D1B300990139009100994D
:100EC000A9B3009901390091009981B300990139C2
:100ED0000091009900294FF00001E8D128E000BFFF
:100EE0000022CCF25272944208BF15F4800211D055
:100EF000ACF542718F424FF0000119D00022C4F2CC
:100F00005A72944214D1D7F8C81041F00101C7F8C1
:100F1000C8100CE0ACF54272974208D1DCF8002012
:100F200022F0E072114341F48001CCF8001000215E
:100F3000002280F85420084601B0F0BD7047000040
:100F40007047000070470000B0B582B00021002853
:100F5000019155D0816D39B9044600F0F3F820466F
:100F60000021E16584F854100268916889004FF609
:100F7000C071C5F6FF7102D593680B40936093680A
:100F8000DB002ED4936801F18051194041F080516B
:100F9000916040F22401C2F20001096842F66353F5
:100FA0008909C0F23E53A1FB03139909022303EB05
:100FB000410101910199A1B1019901390191019971
:100FC00079B1019901390191019951B10199013921
:100FD0000191019929B101990139019101990029E2
:100FE000EAD19168C90011D4816D4FF0010E41F032
:100FF00010018165C16D41F00101C16508E000BFCC
:101000004FF0010E704602B0B0BD00BF4FF0000EB1
:101010009368846D03F0040304F010041B19836DBE
:1010200072D123F48173023383659368DB071AD18D
:1010300048F2083C4FF600544FF60063C4F2022C0D
:10104000CFF6FF74CFF6FF735CF804405CF8033012
:101050002343DB0707D14368DCF8004024F47C1409
:101060002343CCF80030437E846BD0E902C144EACC
:10107000433390F82040194341EA0C0141EA04430C
:10108000012C06D1416A0024CFF6FE7404EB4141E5
:101090000B43846A24B1C16A04F4787421430B437E
:1010A000D16844F20704CFF6F07421401943D160AF
:1010B0001169036B21F040611943116191680907BF
:1010C0002DD490F83430017E5B0090F83CC043EAA8
:1010D0008131D36844F20204A3431943D1601369F8
:1010E000BCF1010F18D140F2FD7123EA010CD0E9E7
:1010F0001034D0E9121543EA0C0323431943294362
:1011000041F001030AE000BF43F010024FF0010E6E
:101110008265704602B0B0BD23F00103136101691E
:10112000136B012923F00F0302BFC16901390B437F
:101130001363826D012161F301028265704602B082
:10114000B0BD00002DE9F041D4B0804668460026CD
:1011500000250830C8215396CDE95166CDE94F6688
:10116000C4F20225FFF7FCF9D8F8000005F50041AC
:10117000884203D054B0BDE8F08100BF4FF40010A6
:1011800000906846019602F009FE002818BFFFF79C
:10119000D9FC40F68C40C4F2024001684FAE41F4E5
:1011A000806101600168032401F480613491349905
:1011B0000168002741F004010160016801F00401A9
:1011C00034913499016841F001010160016801F036
:1011D000010134913499016841F002010160006815
:1011E000314600F002003490349827204F9005F5E6
:1011F00000605094519701F0A7FA28463146CDE996
:101200004F44519701F0A0FA05F580603146CDE9D1
:101210004F44519701F098FA2120CDE934074FF45B
:101220000020CDE93907012040F2E411CDE93D006D
:1012300034A8C2F20001CDE9367738973B9745973D
:10124000CDE93F77CDE94177439700F0FFF80028DB
:1012500018BFFFF777FC40F2CC1040F2E412C2F264
:101260000000C2F20002002100F0E2FB002818BFDB
:10127000FFF768FC40F2CC10C2F2000000F0EAFC7C
:10128000002818BFFFF75EFC40F234405021C2F244
:101290000000C4F20201016000218122C0E90E11A8
:1012A000C0E91011826400F037FA002818BFFFF778
:1012B00049FC40F23445C2F2000540F2CC11C2F2C2
:1012C0000001284600F04AFC002818BFFFF73AFC4E
:1012D00028461021C8F85050C5F85C8000F0C6FDC3
:1012E000002818BFFFF72EFC54B0BDE8F0810000C5
:1012F0002DE9F0419CB048F20017C4F20227D7F85C
:1013000008320668B668760703D490F85460012E58
:1013100004D102201CB0BDE8F08100BF03F01F041F
:101320000123092C80F8543056D8A34040F22126DE
:10133000334251D0884615460646FFF7E9F938B1E1
:10134000002086F8540001201CB0BDE8F08100BFE9
:101350003168B06D40F601739843324600F58070F5
:10136000B0650CB1B94203D0906D20F48010906547
:10137000906D40F28D64C0044FF0000044BFD06D0A
:1013800020F00600D065106DC0F6000440F2097729
:10139000046640F2F164C0F60007C0F600044FF0A6
:1013A000000CC0E919741C270F6082F854C04A6809
:1013B0002B4642F010024A60CA6842F00102CA603D
:1013C00090F8502012060FD48269012A1ED0022AFA
:1013D00008BF9D001BE000BF002180F854100120D1
:1013E0001CB0BDE8F08100BF406F0028ABD00168A1
:1013F0000029A8D001A800F0E3F80028A3D107989D
:10140000012815D0022808BFAD0012E05D00403170
:1014100042462B4601F0E8F831684FF6C0738A68FF
:10142000C7F6FF731A4004328A601CB0BDE8F08131
:101430006D003146086D0968426F40311268C2E99B
:101440000251C2F8108000F091FCE5E700284FF04F
:10145000010218BF002901D110467047B0B5D0E98C
:1014600004C2C369D0F818E01A43C36B1A4342EAB6
:101470000C0242EA0E020A6003789B0616D5D0E9F8
:1014800009C34FF07C75D0F82CE0846B05EB035357
:101490004FF47C7505EB0C1503F07C7344EA0E04E5
:1014A00005F47C7523432B431A430A604268036B9F
:1014B00040F2FF252A401A434A60C368B3F5007F13
:1014C00005D0B3F5806F04D10578AD0601D51A4378
:1014D0004A60436B1A434A60436C43B1856C046CA9
:1014E00005F03F0544EA05452A431A434A60B0F82F
:1014F000683040F2000C8B600278C0F2FF7C9207EB
:1015000022D5C56C4FF080540CEB054505EA0C055F
:101510002B438B60056D04EAD5054FF000542B4436
:101520008B60456D04EA95054FF080442B448B6039
:10153000856D04EA55052B448B60C56DB5F1FF3F01
:10154000DCBF03F100438B60036ECB60436E0B6125
:1015500003789B0702D4142323E000BF036D0CF132
:10156000C052002B48BF5B426FF35F334B61456D48
:101570002C04002D48BF05FB02F422401A434A61A7
:10158000836D0CF17844002B48BF5B429AB28A61AC
:10159000C36D1D04002B48BF03FB04F52A431C2325
:1015A0008A610022CA50006883074FF4E06358BF85
:1015B0004FF4A06318430862BDE8B040104670477E
:1015C00000284FF0010218BF002901D110467047D2
:1015D00091F820C042F20002C0F800C00B68C0F6CB
:1015E000004203F0080303610B6803F40023436126
:1015F0000B6803F0030383610B6803F44033C3619A
:101600000B68C3F30513013343620B68C3F305533F
:10161000013383620B6803F04023C3620B681A40F6
:1016200082630A6802F4C052C2634B689A0509D407
:10163000DAB242604A79520754BF00224FF4806206
:1016400003E000BF4FF400724260C2604A685FEA84
:101650008C7302F4006282604A6802F440420264C1
:101660004A6802F040724264CA8802F03F02826413
:101670004A6802F0404202630A8982660CD4012261
:10168000C264CA680266096900224166C0E9142280
:10169000C0E916221046704780B54A896FF3DF22F1
:1016A0000132C264CA6802660A6942664B696FF316
:1016B0005F330365B1F816C06FF35F3CC0F854C0E8
:1016C000D1F808E05FEACE0203D55A420265D1F8AC
:1016D00008E05FEA8E0244BFCCF100024265B1F837
:1016E00018E0C0F858E08A694FEA124CC0F85CC0B4
:1016F0008A68530003D5CEF1000282658A68B2F190
:10170000FF3FBDE88040C4BF00207047CCF100011E
:10171000C165002070470000B0B5044601F0DEF856
:10172000002C04BF0120B0BD00210546206884F8CC
:101730004C10022184F85410416941F006014161C6
:1017400020684169C9070BD001F0C8F8401B052883
:10175000F6D9012003221021A16584F85420B0BDE0
:10176000D4E90E124F23C5F20203984242EA010265
:1017700040F24F31C5F202011CDC41F24F03C4F2CA
:101780000203984232DC40F24F23C4F20203984233
:101790005ADC40F24F13C4F20203984200F39480E3
:1017A0005023C4F20203984200F0E880D023C4F230
:1017B0000203E1E041F24F03C5F2020398422DDC3F
:1017C00040F24F23C5F2020398424FDC40F24F1320
:1017D000C5F20203984200F383805023C5F202034E
:1017E000984200F0CB80D023C4E000BF41F24F23E9
:1017F000C4F20203984245DC41F24F13C4F20203E3
:10180000984277DC41F25003C4F20203984200F0A0
:10181000B58041F2D003C4F20203ADE041F24F23A0
:10182000C5F2020398423FDC41F24F13C5F20203B6
:1018300098426BDC41F25003C5F20203984200F07B
:101840009D8041F2D00395E040F24F33C4F2020391
:10185000984265DC40F25023C4F20203984200F043
:101860008D8040F2D023C4F2020385E0884263DC1D
:1018700040F25023C5F20203984200F07F8040F20C
:10188000D02377E041F24F33C4F2020398425DDC8B
:1018900041F25023C4F2020398426FD041F2D023A8
:1018A000C4F2020368E000BF41F24F33C5F2020305
:1018B000984257DC41F25023C5F2020398425DD0B2
:1018C00041F2D02356E000BF40F25013C4F20203AD
:1018D000984253D040F2D013C4F202034CE000BF50
:1018E00040F25013C5F20203984247D040F2D013A1
:1018F00040E000BF41F25013C4F2020398423DD0D1
:1019000041F2D013C4F2020336E000BF41F250139B
:10191000C5F20203984231D041F2D0132AE000BF51
:1019200040F25033C4F20203984227D040F2D03341
:10193000C4F2020320E000BF40F25033C5F20203BC
:1019400098421BD040F2D03314E000BF41F2503334
:10195000C4F20203984211D041F2D033C4F2020320
:101960000AE000BF41F2D033C5F20203984205D02D
:1019700041F25033C5F20203984201D1236C1A435D
:101980004369884223F4430342EA030242614FF071
:1019900000020264636C43648264C264026511DC09
:1019A00041F24F31C4F2020188421BDC40F2503157
:1019B000C4F2020188422DD040F2D031C4F20201BB
:1019C00026E000BF41F24F31C5F20201884215DC2A
:1019D00040F25031C5F2020188421BD040F2D031B2
:1019E00014E000BF41F25031C4F20201884211D02C
:1019F00041F2D031C4F202010AE000BF41F2D0311D
:101A0000C5F20201884205D041F25031C5F202010F
:101A1000884202D10021416581650021C167A06C27
:101A2000012220650020A16584F85420B0BD00008B
:101A300000284FF0010318BF002A01D11846704753
:101A40004369012B04D10421012301611846704729
:101A50002DE9F04186B0036842EA01070E461F43B4
:101A6000002908BF1646002B18BF1E467740B7F561
:101A7000803F09D253B193F8206051B191F82070A2
:101A8000BE4206D028E000BF052126E029B191F82A
:101A9000206092F82070BE421ED1022707730027F3
:101AA0000761176A00247E08CFF6010466F35964C3
:101AB00007F0020766F39A6407F10505A3B1E9B1DF
:101AC000904601AA019506460F46FEF74BFFE8B186
:101AD0000620306102E000BF04210161012306B04D
:101AE000BDE8F04118467047E1B14FF6FC731A406B
:101AF0002243016041F82520022124E04FF6FC71C9
:101B00001940214342F8251002601AE00399B26897
:101B1000304691420AD1416861B14FF6FC721140E2
:101B2000214305E0026001210DE000BF57F82510B8
:101B300048F825104FF6FC7101EA0801214347F8E7
:101B40002510816801318160002301210361017347
:101B500006B0BDE8F04118467047000000284FF07D
:101B6000010218BF002901D110467047D0F850C0BB
:101B7000BCF1000FF8D090F8543090F85420022AAD
:101B800018BF052B06D140218165002180F84C103B
:101B9000012070470A7B022A04D101220A61104603
:101BA000704700BF036840F24F32C5F20202934211
:101BB00010DC41F24F32C4F2020293421ADC40F2CE
:101BC0005032C4F2020293422CD040F2D032C4F21E
:101BD000020225E041F24F32C5F20202934215DCC7
:101BE00040F25032C5F2020293421BD040F2D03292
:101BF00014E000BF41F25032C4F20202934211D00D
:101C000041F2D032C4F202020AE000BF41F2503287
:101C1000C5F20202934205D041F2D032C5F202026F
:101C200093420DD14B68BCF1810F03D123B14167C1
:101C300000207047002BFAD0042008610120704773
:101C40000A6892F820209207ECD503200861012051
:101C500070470000002804BF01207047016839B1B7
:101C600042684AB18A4204BF0020704707E000BFC3
:101C700002210161012070474269012A04D1042137
:101C800001610120704700BFF0B5022202730022FB
:101C900002610A6A40F2000E5308CFF6010E63F3A8
:101CA000596E02F00202856863F39A6E531D4FF677
:101CB000FC72002D01EA020C47D0012D02D16546CD
:101CC00043E000BF4FF6FF726E1EAC1E21EA020217
:101CD000032C06F0030401D265461EE026F003063D
:101CE0004FF6FC77654600BF154355F82350043E78
:101CF00005EA070545EA020555F8235005EA0705F8
:101D000045EA020555F8235005EA070545EA0205AC
:101D100055F8235005EA0705E6D1B4B1154355F847
:101D200023504FF6FC76012C05EA06050DD015432D
:101D300055F82350022C05EA060506D02A4352F82E
:101D400023204FF6FC7402EA04054FF6FF7221EAE5
:101D500002022A434EEA0C074160002142F8237038
:101D60000161012101730020F0BD000000285DD059
:101D7000436F002B5AD0016D002957D080B590F8E1
:101D80005410D0F800E00129DEF814C004D0022974
:101D90004ED11CF480314BD090F8541001293AD127
:101DA00090F84C1001294FF002013BD0012280F83D
:101DB0004C2080F854101973002181651961DEF8F8
:101DC000141041F4BA41CEF81410416E29B1DEF876
:101DD000141041F40071CEF81410006F28B1DEF831
:101DE000140040F40050CEF8140018680022016A74
:101DF000CFF60102490861F3596261F39A624FF626
:101E0000FF7120EA0101CEF800104FF6FC71084086
:101E10001044CEF87C00DEF81400002140F00100F0
:101E2000CEF81400BDE88040084670470120704796
:101E300040218165002180F84C100121BDE88040DF
:101E40000846704780B190F8541002290AD1042145
:101E500080F85410006842F2040241691143416164
:101E6000002070472021816501207047024600282C
:101E70004FF0010008BF7047CB0612D5136840F63B
:101E8000FF7223EA020203F57B63C3F3C41301F07C
:101E9000110198401129516814BF21EA000008433C
:101EA000506000207047000010B504680C232146E4
:101EB00004F57B6263F30B01C2F3C4120968D140DD
:101EC000C9074BD02169490544BF61695FEA4151A7
:101ED00046D42169090544BF61695FEA015147D4CD
:101EE0002169C90444BF61695FEAC14148D42169DD
:101EF000490444BF61695FEA414149D421698905C8
:101F000044BF61695FEA81514AD42169890444BFB1
:101F100061695FEA81414FD42169C90544BF6169A4
:101F20005FEAC15164D4816DC1B101684A6942F070
:101F300002024A61012180F8541090F850201206E4
:101F400044BF426F1173816E0022002980F84C203B
:101F500008BF10BDBDE81040084700BF10BD00BF5E
:101F60004FF48061E160816D41F001018165B0E76E
:101F70004FF40061E160816D41F002018165AFE7DE
:101F80004FF48051E160816D41F004018165AEE75D
:101F90004FF48041E160816D41F008018165ADE75A
:101FA0004FF40071E160426E002AAED004469047C3
:101FB00020462468A9E700BF4FF40051E16090F883
:101FC000541004291ED16169012221F4005161617C
:101FD000616941F00201616180F8542090F850106D
:101FE000090603D5416F0A730021A164C16EABE7F6
:101FF00090F85010090611D4A16CD9B900F154021F
:1020000016E000BF052180F85410026F002A3FF44B
:1020100083AF04469047204624687DE7E16F49B9C5
:10202000A16C39B9012180F85410416F01F10C0203
:10203000012111704FF44071E160016E002200290E
:1020400080F84C203FF46FAF0446884720466AE78B
:10205000B0B5044600F042FC002C04BF0120B0BD26
:10206000002184F84C100546206894F8542022B9C9
:10207000C4E91811C4E91A112167022184F8541027
:10208000416941F00601416120684169C9070BD0EF
:1020900000F024FC401B0528F6D901200322102162
:1020A000A16584F85420B0BD216A426904F110058D
:1020B00022F4430211434161E36926CD1A431143DF
:1020C0004F22C5F2020240F24F3C904241EA050E17
:1020D000C5F2020C1CDC41F24F03C4F20203984229
:1020E00032DC40F24F23C4F2020398425ADC40F241
:1020F0004F13C4F20203984200F394805023C4F2B9
:102100000203984200F0E880D023C4F20203E1E029
:1021100041F24F03C5F2020398422DDC40F24F23F7
:10212000C5F2020398424FDC40F24F13C5F202039E
:10213000984200F383805023C5F20203984200F0D6
:10214000CB80D023C4E000BF41F24F23C4F202038E
:10215000984245DC41F24F13C4F20203984277DC07
:1021600041F25003C4F20203984200F0B58041F2FC
:10217000D003C4F20203ADE041F24F23C5F20203E3
:1021800098423FDC41F24F13C5F2020398426BDCE8
:1021900041F25003C5F20203984200F09D8041F2E3
:1021A000D00395E040F24F33C4F20203984265DC5D
:1021B00040F25023C4F20203984200F08D8040F2B6
:1021C000D023C4F2020385E0604563DC40F2502373
:1021D000C5F20203984200F07F8040F2D02377E0FE
:1021E00041F24F33C4F2020398425DDC41F25023C6
:1021F000C4F2020398426FD041F2D023C4F202032A
:1022000068E000BF41F24F33C5F20203984257DC49
:1022100041F25023C5F2020398425DD041F2D0232F
:1022200056E000BF40F25013C4F20203984253D06C
:1022300040F2D013C4F202034CE000BF40F250134E
:10224000C5F20203984247D040F2D01340E000BFED
:1022500041F25013C4F2020398423DD041F2D01330
:10226000C4F2020336E000BF41F25013C5F202038C
:10227000984231D041F2D0132AE000BF40F25033EF
:10228000C4F20203984227D040F2D033C4F20203D2
:1022900020E000BF40F25033C5F2020398421BD049
:1022A00040F2D03314E000BF41F25033C4F20203D5
:1022B000984211D041F2D033C4F202030AE000BFC9
:1022C00041F2D033C5F20203984205D041F25033B7
:1022D000C5F20203984212D1D4E909354FF07C725D
:1022E000E16A02EB05524FF47C7505EB031302F033
:1022F0007C7203F47C73114319434EEA010E016CA6
:1023000001F0802141EA0E010164D4E9021322792F
:102310001143226BB3F5007F42EA010224D0B3F5EA
:10232000806F40F0EB8041F2CF31C4F2020188426D
:102330001EDD40F2CF31C5F20201884238DC40F2A6
:10234000CF11C5F20201884260DCCF21C5F2020143
:10235000884200F3A98041F2D031C4F202018842E0
:1023600000F0CA805021C3E042F40072C6E000BF12
:1023700040F2CF31C4F2020188422FDD41F2CF1189
:10238000C4F20201884261DC41F2CF01C4F20201D1
:10239000884200F3078140F2D031C4F20201884242
:1023A00000F0AA8041F25001C4F20201A2E000BF95
:1023B00041F2CF11C5F20201884237DC41F2CF0170
:1023C000C5F20201884277DC40F2D031C5F2020149
:1023D000884200F0918041F2500189E040F2CF1133
:1023E000C4F20201884243DD40F2CF21C4F202016F
:1023F00088424DDC40F2D011C4F2020188427BD009
:1024000040F25021C4F2020174E000BF40F2CF213B
:10241000C5F20201884259DC40F2D011C5F2020136
:10242000884269D040F2502162E000BF41F2CF21E2
:10243000C5F20201884253DC41F2D011C5F202011B
:10244000884259D041F2502152E000BF41F2CF21E1
:10245000C4F20201884200F3B18041F2D011C4F20B
:102460000201884248D041F25021C4F2020141E009
:102470005021C4F2020188423ED0D021C4F20201B0
:10248000884239D040F25011C4F2020132E000BF5C
:1024900040F2D021C4F2020188422DD040F25031E6
:1024A000C4F2020126E000BFD021C5F20201884239
:1024B00022D040F250111BE041F2D001C5F20201DE
:1024C000884219D041F2501112E000BF40F2D021F1
:1024D000C5F2020188420FD040F2503108E000BF3F
:1024E00041F25031C5F20201884205D041F2D021BB
:1024F000C5F2020188426DD142F48062636B416C87
:1025000042F20015C3F6C045294011431943416406
:1025100000216045816411DC41F24F31C4F20201B7
:1025200088421BDC40F25031C4F2020188422DD0B7
:1025300040F2D031C4F2020126E000BF41F24F3137
:10254000C5F20201884215DC40F25031C5F20201A9
:1025500088421BD040F2D03114E000BF41F250312C
:10256000C4F20201884211D041F2D031C4F202011A
:102570000AE000BF41F2D031C5F20201884205D025
:1025800041F25031C5F20201884202D10021416579
:1025900081650021C167012200202365A16584F8BF
:1025A0005420B0BD41F2D001C4F202018842A3D050
:1025B00041F25011C4F202019CE700BF41F2D02168
:1025C000C4F20201884297D041F25031C4F20201B4
:1025D00090E700BF41F2D031C5F20201884208BF46
:1025E00042F480628AE7000020B1D0F850C0BCF10C
:1025F000000F01D00120704790F84CC0BCF1010FD2
:1026000004BF022070474FF0010C80F84CC090F8D6
:1026100054C0BCF1010F39D110B54FF0020C80F855
:1026200054C04FF0000CC0F858C0D0F800C0D0F82B
:1026300064E0DCF84840BEF1000F63F30F044FF490
:10264000FE43CCF84840CCF80C30CCF84C10CCF819
:102650005020DCF8141041F4BA41CCF8141005D025
:10266000DCF8141041F40071CCF81410006F28B19C
:10267000DCF8140040F40050CCF81400DCF814002E
:1026800040F00100CCF81400002010BD402181650D
:10269000002180F84C10012070470000B0B50446BE
:1026A00000F01CF9054640F20000C2F2000000787C
:1026B000611C18BF044400BF00F010F9401BA04289
:1026C000FAD3B0BD00280EBF012001600020704782
:1026D000F0B581B004460068082202EA503542F2A3
:1026E0000C07C4F2024700F01F01012057F8252013
:1026F00000FA01F6164205D047F825606068002808
:1027000018BF8047381D50F82510314208D040F8D6
:102710002560A06820B101B0BDE8F040004700BFCF
:1027200001B0F0BD022906D0012909D000291CBF43
:10273000012070474260082142500020704700BFCE
:1027400004214250002070470A68002A08BF7047E1
:102750002DE9F04F83B000F12003019347F67F731A
:10276000C0F22F0303EA90234FF0000A4FF0010B51
:1027700000274FF0000C002500930BE00A6801359C
:1027800032FA05F30CF1040C07F102070AF1080A0A
:1027900000F09A800BFA05F912EA0902EED0D1F89E
:1027A0000480029248F01006122E1BD16FF0030233
:1027B00002EA5506DDF804B00CF01C025BF8064096
:1027C000D1F810800F2303FA02FE08F00F0324EA69
:1027D0000E0403FA02F222434BF80620D1F80480DB
:1027E0004FF0010B02680323BB4008F0030EDC43EB
:1027F0009A430EFA07F31A43B8F1120F02605BD83E
:102800000BFA08F212F0061F56D08368D1E90226AF
:102810002340BE403343836043684FEA181623EADF
:102820000903AE4033434360C368BA4023401A43B0
:10283000C260029C5FEAC802A0D542F2000E25F0F9
:102840000302C4F2024E7244D2F860800AF0180605
:102850000F23B34028EA0308009B03FA06F648EA70
:1028600006031366DEF800804B6848EA0406DA02C5
:1028700058BF28EA0406CEF80060DEF804809A0209
:1028800048EA040658BF28EA0406CEF80460DEF8D9
:1028900084809A0348EA040658BF28EA0406CEF862
:1028A0008460DEF88020DB0342EA040658BF22EA97
:1028B0000406CEF8806061E78A68BEF1030F08BFA6
:1028C000012AB1D1B5E700BF03B0BDE8F04F7047B2
:1028D0001823002A08BF2823C150704740F66460BF
:1028E000C2F200000068704740F2000040F66461E8
:1028F000C2F20000C2F2000100780A6810440860C9
:102900007047000080B5032000F0B6F802F01EF911
:1029100040F62041C4F2024109684CF2947201F081
:102920000F01C0F60002515CC84040F22401C2F21F
:1029300000010860042003F0B1F90F2000F008F84E
:1029400000281CBF012080BD00F056F8002080BD8B
:10295000B0B540F20005C2F200052978E1B30446A3
:102960004EF21000CEF200000068400710D403F0D1
:10297000E3F9022824D001281AD078BB40F22400C1
:10298000C2F20000006829784FF4FA5207E000BF55
:1029900040F22400C2F2000000684FF47A72B2FBE9
:1029A000F1F1B0FBF1F003F0B5F9A8B91BE000BFFD
:1029B00028784FF47A71B1FBF0F04FF4FA4106E059
:1029C00028784FF47A71B1FBF0F04FF40041B1FB7D
:1029D000F0F003F09FF930B10120B0BD002003F00A
:1029E00099F90028F8D14FF0FF302146002200F07D
:1029F00017F800206C60B0BD70470000002848BF89
:102A0000704700F01F010122C0F34A1002FA01F1E1
:102A10004EF20012CEF2000242F820107047000081
:102A200010B54EF60C5CCEF2000CDCF80030C3F3AF
:102A3000022E8EF00704042C28BF0424BEF10303E9
:102A40004FF0FF3E38BF00230EFA04F4A143994033
:102A50000EFA03F39A43114300F00F0200F16043B2
:102A60000901043A03F564436244002848BF02F1B7
:102A70000C03197010BD00004EF60C51CEF200018F
:102A80000A684FF6FF031A4060F30A2242F08060A2
:102A900040F0FD700860704701220168C0F8D8223C
:102AA000002280F8CC22486D40F001004865486D56
:102AB00040F0020200204A6570470000002804BF71
:102AC00001207047F0B581B0044690F8950228B90E
:102AD000002084F89402204600F01CF9032084F8BA
:102AE0009502206805F06AFC94E80F00267C0096A9
:102AF00005F038FC002840F0F4802068002105F043
:102B000067FC002840F0ED8094F804E0BEF1000F6F
:102B100000F0E0800EF0030CBEF1040F4FF0000255
:102B200038D30EF0FC03A4F1A0000321012500BF5F
:102B3000CE1E80F8B4608E1E80F8DC604E1E80F8D9
:102B4000046180F82C110E1D013180F8B55080F819
:102B5000B720C0E93122C0F8CC2080F8DD5080F8E1
:102B6000DF20C0E93B22C0F8F42080F8055180F84E
:102B70000721C0E94522C0F81C2180F82D5180F8BA
:102B80002F21C0E94F22C0F84421A030994231469C
:102B9000CED1F21EBCF1000F2ED002EB820104F167
:102BA000140000EBC105012300F831200021BCF125
:102BB000010F6B70E970C5E90411A9611CD0551CA7
:102BC00005EB8506BCF1020F00EBC60700F8365096
:102BD0007B70F970C7E90411B9610DD0911C01EB4C
:102BE0008102012500EBC20300F8321000205D7065
:102BF000D870C3E904009861BEF1000F6AD0BEF13D
:102C0000040F4FF0000235D30EF0FC0003212346E1
:102C1000CF1E83F854718F1E83F87C714F1E83F88A
:102C2000CC110D1D013183F8552183F85721C3E9DB
:102C30005922C3F86C2183F87D2183F87F21C3E9F1
:102C40006322C3F8942183F8A52183F8A47183F843
:102C5000A721C3E96D22C3F8BC2183F8CD2183F8F5
:102C6000CF21C3E97722C3F8E421A033814229466A
:102C7000CED1EA1EBCF1000F2CD002EB820304F58A
:102C8000AA7000EBC3070021BCF1010F797000F8B6
:102C90003320F970C7E90411B9611BD0531C03EB51
:102CA0008307BCF1020F00EBC70600F837307170E4
:102CB000F170C6E90411B1610CD0911C01EB8102E5
:102CC000002700EBC20300F832105F70DF70C3E929
:102CD00004779F6194E80F00277C009705F05EFB66
:102CE00030B1022084F89502012001B0F0BD00BF90
:102CF00000206074012084F89502207B012804BF25
:102D00002046FFF7C9FE206805F040FB002001B017
:102D1000F0BD000010B5B6B0044602A80830C821C6
:102D2000FDF71EFC206846F20001C4F20101884252
:102D300002D036B010BD00BF1020039000200290DA
:102D40003020339002A801F029F8002818BFFDF7C1
:102D5000F9FE00F00FF840F6A440C4F2024001680A
:102D600041F080710160006800F08070019001986E
:102D700036B010BD40F63800C4F20240016841F0A0
:102D8000007101607047000040F67441C4F20241D6
:102D90000A6842F080720A600A6822F080720A6053
:102DA00090E80E1011431943026941EA0C0141EA0F
:102DB000024146F20002C4F200025160116840690B
:102DC00021F47C5141EA00201060106840F060005E
:102DD0001060704710B540F6284CC4F2024CDCF885
:102DE0000CE0DCF80010DCF80020C2F30523DCF86E
:102DF0000020DCF81040DBB3E408D20604EAE272FB
:102E000001F003016FF35F3200EE102A0329B8EEE0
:102E1000400A6FF35F2E37D002292FD001295CF8CA
:102E2000281C49F20002C1F3C101C0F2D03222FADB
:102E300001F101EE101A02EE103AB8EE411AB8EEA6
:102E4000422A9FED4F3A81EE021A02EE10EA20EE7E
:102E5000030AB8EE422A30EE020AB7EE002A30EE3C
:102E6000022A5CF8281C22EE010A89012CD527E0F1
:102E70000021C0E90011816010BD00BF01EE103AD1
:102E80009FED402A04E000BF01EE103A9FED3B2A7F
:102E9000B8EE411A82EE012A01EE10EA9FED383AAF
:102EA000B8EE411A20EE030A30EE010AB7EE001A1E
:102EB00030EE011A5CF8281C22EE010A890103D5C4
:102EC000DCF80010C90307D4002101605CF8281C5D
:102ED000890118D41BE000BFDCF80C10B7EE002A03
:102EE000C1F3462101EE101AB8EE411A31EE021A72
:102EF00080EE011ABCEEC11A11EE101A01605CF8E6
:102F0000281C890103D5DCF80010890302D40021B4
:102F100012E000BFDCF80C10B7EE002AC1F3064146
:102F200001EE101AB8EE411A31EE021A80EE011AC3
:102F3000BCEEC11A11EE101A41605CF8281C890120
:102F400044BFDCF800105FEA413103D40021816006
:102F500010BD00BFDCF80C10B7EE002AC1F306610B
:102F600001EE101AB8EE411A31EE021A80EE010A93
:102F7000BCEEC00A10EE101A816010BD20BCBE4B22
:102F8000000000390024744A10B540F62C4CC4F2FD
:102F9000024CDCF810E0DCF80010DCF80020C2F392
:102FA0000523DCF80020DCF81440DBB3E408D2068B
:102FB00004EAE27201F003016FF35F3200EE102ABF
:102FC0000329B8EE400A6FF35F2E37D002292FD0C5
:102FD00001295CF82C1C49F20002C1F3C101C0F2C6
:102FE000D03222FA01F101EE101A02EE103AB8EED8
:102FF000411AB8EE422A9FED4F3A81EE021A02EED4
:1030000010EA20EE030AB8EE422A30EE020AB7EECA
:10301000002A30EE022A5CF82C1C22EE010A09017B
:103020002CD527E00021C0E90011816010BD00BF50
:1030300001EE103A9FED402A04E000BF01EE103A85
:103040009FED3B2AB8EE411A82EE012A01EE10EA0A
:103050009FED383AB8EE411A20EE030A30EE010A2D
:10306000B7EE001A30EE011A5CF82C1C22EE010AB1
:10307000090103D5DCF80010C90307D40021016061
:103080005CF82C1C090118D41BE000BFDCF8101000
:10309000B7EE002AC1F3462101EE101AB8EE411A2C
:1030A00031EE021A80EE011ABCEEC11A11EE101AAE
:1030B00001605CF82C1C090103D5DCF800108903C1
:1030C00002D4002112E000BFDCF81010B7EE002A95
:1030D000C1F3064101EE101AB8EE411A31EE021AA0
:1030E00080EE011ABCEEC11A11EE101A41605CF8B4
:1030F0002C1C090144BFDCF800105FEA413103D405
:103100000021816010BD00BFDCF81010B7EE002A6E
:10311000C1F3066101EE101AB8EE411A31EE021A3F
:1031200080EE010ABCEEC00A10EE101A816010BDDC
:1031300020BCBE4B000000390024744A10B540F694
:10314000304CC4F2024CDCF814E0DCF80010DCF87F
:103150000020C2F30523DCF80020DCF81840DBB3C4
:10316000E408D20604EAE27201F003016FF35F3271
:1031700000EE102A0329B8EE400A6FF35F2E37D015
:1031800002292FD001295CF8301C49F20002C1F35A
:10319000C101C0F2D03222FA01F101EE101A02EEA2
:1031A000103AB8EE411AB8EE422A9FED4F3A81EE3E
:1031B000021A02EE10EA20EE030AB8EE422A30EEBE
:1031C000020AB7EE002A30EE022A5CF8301C22EE2A
:1031D000010A89002CD527E00021C0E90011816097
:1031E00010BD00BF01EE103A9FED402A04E000BF81
:1031F00001EE103A9FED3B2AB8EE411A82EE012A09
:1032000001EE10EA9FED383AB8EE411A20EE030ABB
:1032100030EE010AB7EE001A30EE011A5CF8301CED
:1032200022EE010A890003D5DCF80010C90307D497
:10323000002101605CF8301C890018D41BE000BF3D
:10324000DCF81410B7EE002AC1F3462101EE101A83
:10325000B8EE411A31EE021A80EE011ABCEEC11A24
:1032600011EE101A01605CF8301C890003D5DCF8FF
:103270000010890302D4002112E000BFDCF8141012
:10328000B7EE002AC1F3064101EE101AB8EE411A5A
:1032900031EE021A80EE011ABCEEC11A11EE101ABC
:1032A00041605CF8301C890044BFDCF800105FEA24
:1032B000413103D40021816010BD00BFDCF814103F
:1032C000B7EE002AC1F3066101EE101AB8EE411AFA
:1032D00031EE021A80EE010ABCEEC00A10EE101A9E
:1032E000816010BD20BCBE4B000000390024744A30
:1032F00080B584B04FF6FF730246C0F23F03002052
:103300009B1A70EB0103C0F2618041F6FF739B1AB8
:1033100070EB0103C0F29080B2F1010E61F1000C7C
:10332000DEF11F034FF0000373EB0C03C0F0CE81FE
:10333000DFE81EF02000A6029A03EA019A039A032E
:103340009A0346029A039A039A039A039A039A03EA
:103350009A0376029A039A039A039A039A039A03AA
:103360009A039A039A039A039A039A039A039A0375
:103370009A03160240F60040C4F20240D0F8D8107A
:1033800011F0070100F000840268012903D112F056
:10339000006240F01D840268022903D112F000523D
:1033A00040F0D38303680268032903D113F00203BA
:1033B00040F0A984042903D112F4007240F0D584AE
:1033C000D0F8F000052900F063BC00BF6FF0404367
:1033D0009B1A70EB01036FDA072940F3CD80B1F53A
:1033E000007F80F2218181F00803134300F0EC821A
:1033F00081F01001114340F0378340F60040C4F2E1
:103400000240D0F8E41001F03001102900F0DA8316
:103410000268202903D112F0005240F09683006820
:1034200010F400501CBF46F60040C0F2DC203029EA
:1034300018BF002018E300BF4FF6FF739B1A4FF030
:10344000000C7CEB010380F2BB804FF6FF73C0F2EF
:1034500003039B1A7CEB0103C0F2028182F48033E8
:103460000B4300F0E58282F40032114340F0FC820D
:1034700040F60040C4F20240D0F8DC10C1F3022153
:10348000052900F2AB83DFE811F039010503790368
:10349000CD03C303070000BFD0F8E810036802683B
:1034A0009B0701F0404102D5002900F02C849205D1
:1034B00000F1368400F037BC6FF078439B1A4FF070
:1034C00000038B4124DB82F480030B4300F056821F
:1034D00082F000730B4300F0F98182F080621143A7
:1034E00040F0C28240F60040C4F20240D0F8E8103A
:1034F000026801F03001920440F14C83002940F051
:10350000498346F60040C0F2DC2004B080BD00BF15
:1035100082F000630B4300F03B8282F080530B4348
:1035200000F0068282F00052114340F09D8240F686
:103530000041C4F20241D1F8E000C0F38212042A33
:1035400000F24C8348F20000C0F2BB00DFE812F04A
:103550003A03A20236028C02060000BFD1F8E8202E
:103560000B6808689B0702F0404240F10282002A83
:1035700000F0A083FDE100BF82F080430B4300F028
:10358000CB8281F00203134300F08A8281F00401B0
:10359000114340F0698240F60040C4F20240D0F886
:1035A000E8100068800301F4407040F105830028B2
:1035B00040F0028347F64000C0F27D1004B080BDA9
:1035C00082F400530B4300F0C78282F480430B4324
:1035D00000F07E8282F40042114340F0458240F6C2
:1035E0000040C4F20240D0F8E41001F44011B1F5FB
:1035F000801F00F0C382002900F08080026800680C
:10360000B1F5001F03D112F0020240F0538310F411
:1036100000701CBF40F60010C0F23D00B1F5401F25
:1036200018BF002004B080BD81F40073134300F084
:10363000E78181F48051114340F0168240F6004149
:10364000C4F20241D1F8E40000F04060B0F1806FB4
:1036500000F09482002851D00A68B0F1006FF9E1BF
:1036600082F480230B4300F0018282F400121143A4
:1036700040F0FA8140F60040C4F20240D0F8E81071
:1036800001F00701022900F01D82012900F0DC820F
:10369000002900F011820268032902D112F40032DD
:1036A00088D102680068042903D112F0020240F0B8
:1036B000018310F400701CBF40F60010C0F23D0002
:1036C000052918BF002004B080BD00BF82F48052DD
:1036D000114340F0C98140F60040C4F20240D0F8E6
:1036E000E01001F0E061B1F1007F00F02E82B1F155
:1036F000807F00F06D82002940F0B88204B0BDE800
:10370000804001F0FFB900BF40F60040C4F2024023
:10371000D0F8D81011F4E07100F02A820268402934
:1037200003D112F0006240F053820268802903D175
:1037300012F0005240F0098203680268C02903D1E8
:1037400013F0020340F0DF82B1F5807F03D112F461
:10375000007240F00A83D0F8F000B1F5A07F97E244
:1037600040F60040C4F20240D0F8D81011F46031A5
:1037700000F0FE810268B1F5004F03D112F0006243
:1037800040F026820268B1F5803F03D112F000526A
:1037900040F0DB8103680268B1F5C03F03D113F04C
:1037A000020340F0B082B1F5003F03D112F4007281
:1037B00040F0DB82D0F8F000B1F5203F68E200BFB6
:1037C00040F60040C4F20240D0F8D81011F4606115
:1037D00000F0CE810268B1F5007F03D112F00062E3
:1037E00040F0F6810268B1F5806F03D112F000520B
:1037F00040F0AB8103680268B1F5C06F03D113F0EC
:10380000020340F08082B1F5006F03D112F4007220
:1038100040F0AB82D0F8F000B1F5206F38E200BF85
:1038200040F60040C4F20240D0F8D81011F4E04154
:1038300000F09E810268B1F5805F03D112F0006252
:1038400040F0C6810268B1F5005F03D112F000526A
:1038500040F07B8103680268B1F5405F03D113F04B
:10386000020340F05082B1F5804F03D112F4007290
:1038700040F07B82D0F8F000B1F5A04F08E200BF25
:1038800040F60040C4F20240D0F8D81011F03801E0
:1038900000F06E810268082903D112F0006240F046
:1038A0009781102900F0518103680268182903D11B
:1038B00013F0020340F02782202903D112F4007292
:1038C00040F05382D0F8F0002829E1E140F60041B1
:1038D000C4F20241D1F8F000D1F8F020920700F4D0
:1038E000407203D5B2F5807F00F06181D1F8F0001D
:1038F000000103D5B2F5007F00F07D8008688003E9
:103900004FF0000040F1B080B2F5407F40F0AC8055
:10391000C86910F4785F00F06181C86947F640011A
:10392000C0F30520C0F27D11B1FBF0F004B080BD02
:1039300040F60041C4F20241D1F8E000C0F3C202F7
:10394000042A00F24B8148F20000C0F2BB00DFE81D
:1039500012F03901A10035008B000500D1F8E820F4
:103960000B6808689B0702F0404202D5002A00F06D
:10397000A181800500F1F681FEE100BF40F6004024
:10398000C4F20240D0F8E400400640F11B8199E007
:1039900040F60041C4F20241D1F8E00000F0070215
:1039A000042A00F21B8148F20000C0F2BB00DFE8ED
:1039B00012F00901710005005B00770101A8FFF713
:1039C000BDFB019804B080BD40F60040C4F2024047
:1039D000D0F8E810D0F8F02001F0C001920702D52D
:1039E000002900F0E480D0F8F020120140F122819B
:1039F000402940F01F814FF4FA4004B080BD00BF61
:103A000040F60041C4F20241D1F8E800D1F8F020BC
:103A100000F00800920702D5002800F0C880D1F815
:103A2000F010002818BF4FF4FA4001F00061AFE138
:103A300040F60041C4F20241D1F8E40000F04070C9
:103A4000B0F1807F00F09A80002800F091800A6831
:103A5000B0F1007F4FF0000006D112F0020203D057
:103A60000868C0F3C10050E104B080BD40F60040DA
:103A7000C4F20240D0F8DC10C1F30231052900F293
:103A8000AD80DFE811F0750007007B00CF00C500B6
:103A9000370100BF01A8FFF777FA019804B080BD95
:103AA00040F60040C4F20240D0F8E41001F00301F7
:103AB000DFE801F0028808D004B0BDE8804000F0E3
:103AC000C1BF00BF01A8FFF75FFA039804B080BD33
:103AD00040F60040C4F20240D0F8E41001F4402166
:103AE000B1F5802F4AD0002942D002680068B1F5B4
:103AF000002F03D112F0020240F0DC8010F40070BD
:103B00001CBF40F60010C0F23D00B1F5402F18BFB9
:103B1000002004B080BD00BF40F60040C4F2024067
:103B2000D0F8E01011F460612ED00268B1F5007F8A
:103B300002D112F000624BD10268B1F5806F40F003
:103B4000BD8012F0005200F0B98001A8FFF7F6FA2C
:103B5000029804B080BD00BF40F60040C4F20240AD
:103B6000D0F8E41001F44031B1F5803F06D0C9BB74
:103B700004B0BDE8804000F07DBF00BF01A8FFF7A2
:103B8000DDFA039804B080BD04B0BDE8804000F0C9
:103B900095BF00BF0268920101D5102912D0D0F85C
:103BA000F020920740F1CC80202940F0C9804FF4EA
:103BB000004004B080BD00BFB0F5007F08D0B0F574
:103BC000807F0BD101A8FFF705F9029804B080BDF2
:103BD00001A8FFF7D9F9029804B080BD002004B015
:103BE00080BD00BF02680068B1F5003F02D112F04D
:103BF00002025FD110F400701CBF40F60010C0F24A
:103C00003D00B1F5403F18BF002004B080BD00BFAB
:103C1000D0F8F0004FF4FA41000101EAE07004B07E
:103C200080BD00BFD0F8F0004FF4004101EA8030C1
:103C300004B080BD0068802900F400724FF00000DD
:103C400008BF48F2120085E004B0BDE8804000F0F3
:103C50007DBF00BFD0F8E810036802689B0701F041
:103C600040415BD500294ED058E000BF0368026890
:103C7000B1F1407F02D113F0020344D1B1F1806F62
:103C800002D112F4007270D1D0F8F000B1F1A06F3F
:103C900000F002024FF0000008BF900304B080BDA6
:103CA000D1F8E8200B6808689B0702F0404257D51E
:103CB000002A55D1C0F3C10027E000BF03680268A5
:103CC000B1F5C06F02D113F002031CD1B1F5006F42
:103CD00002D112F4007248D1006810F400301CBF09
:103CE00047F64000C0F27D10B1F5206F18BF0020EC
:103CF00004B080BDD0F8E810036802689B0701F0AB
:103D000040410BD551B9C2F3C10049F20001C0F2E4
:103D1000D03121FA00F004B080BD00BF920502D579
:103D2000B1F1804F21D00068B1F1004F00F40032B2
:103D30004FF0000004BF47F64000C0F27D1009E0DC
:103D4000D0F8F000302900F000624FF0000008BF0A
:103D50004FF4FA40002A08BF104604B080BD00BFEF
:103D6000800509D5B2F1804F06D140F60010C0F2AF
:103D70003D0004B080BD00BF0868B2F1004F00F400
:103D800000314FF0000004BF47F64000C0F27D1044
:103D9000002908BF084604B080BD00002DE9F047A7
:103DA0000446006840F62848C101C4F2024807D51D
:103DB000D8F8C010A26D21F040411143C8F8C010DE
:103DC000C00712D0E06D052800F25482DFE810F041
:103DD0000600B404EA01060006000600D8F8B01098
:103DE00021F007010843C8F8B000002520788007BB
:103DF00002D428461BE000BF206E4FEAF0010529DF
:103E000000F23A822846DFE811F00700A304D70148
:103E100007000700070000BF064648B9D8F8B00001
:103E2000216E20F038000843C8F8B00000202E466C
:103E30002178490719D5616E4FEAB111052900F2C1
:103E40002382DFE811F007008B04BF0107000700A1
:103E5000070000BF054648B9D8F8B000616E20F4ED
:103E6000E0700843C8F8B000002035462178090703
:103E700019D5A16E4FEA7121052900F20D82DFE804
:103E800011F007007304A70107000700070000BF37
:103E9000064648B9D8F8B000A16E20F46060084327
:103EA000C8F8B00000202E462178C90619D5E16E69
:103EB0004FEA3131052900F2F781DFE811F0070000
:103EC0005B048F0107000700070000BF054648B9E3
:103ED000D8F8B000E16E20F4E0400843C8F8B00024
:103EE000002035462178890619D5216F4FEAF13136
:103EF000052900F2E181DFE811F0070043047701B2
:103F000007000700070000BF064648B9D8F8B00010
:103F1000216F20F460300843C8F8B00000202E461E
:103F20006178C90619D5616F4FEA3161052900F240
:103F3000CB81DFE811F007002B045F0107000700C9
:103F4000070000BF054648B9D8F8B800616F20F0F7
:103F5000E0600843C8F8B80000203546617889065B
:103F60001AD5A16F6FF0010202EB3142022A08D389
:103F70004FEA314129B101292ED104F1300003F07B
:103F800075F8064648B9D8F8BC00A16F20F4403057
:103F90000843C8F8BC0000202E466178490620D5A9
:103FA000E16F6FF0010202EBB142022A08D34FEA3F
:103FB000B14129B1012937D104F1300003F056F89D
:103FC000054678B9D8F8BC00E16F20F440200843DA
:103FD000C8F8BC00002004E00120012661784906F1
:103FE000DED435466178090623D5D4F880106FF009
:103FF000010202EB3152022A08D34FEA315129B1B2
:10400000012939D104F1300003F030F8064688B9AF
:10401000D8F8BC00D4F8801020F440100843C8F849
:10402000BC00002005E000BF0120012561780906E1
:10403000DBD42E46A178C90723D0D4F884100029F8
:1040400018BFB1F1007F0DD10746D8B9D8F8BC0030
:10405000D4F8841020F040700843C8F8BC00002059
:104060000FE000BFB1F1807F30D104F1300002F0E9
:10407000FDFF074630B9E9E701200126A178C9070D
:10408000DBD137466179C90625D5D4F888100029D7
:1040900018BFB1F1006F0DD10546E8B9D8F8BC00E2
:1040A000D4F8881020F040600843C8F8BC00002015
:1040B00011E000BFB1F1806F40F0708004F130007A
:1040C00002F0D4FF054638B9E8E700BF0120012718
:1040D0006179C906D9D43D46D4E9001240F61C479F
:1040E000C4F20247120508D53A6822F400423A6049
:1040F000D4F8C8203B681A433A6089031AD5D4F82B
:104100008C104FEA3121052900F2E680DFE811F03A
:10411000060044037800060006000600064650B973
:10412000D8F8B400D4F88C1020F4E0600843C8F844
:10413000B40000202E46A17849071BD5D4F8901072
:104140004FEA3131052900F2CF80DFE811F0070096
:104150002B035F0007000700070000BF054650B9AA
:10416000D8F8B400D4F8901020F4E0400843C8F820
:10417000B40000203546A17889065ED5D4F8A01099
:10418000052900F2B980022946D0002802464AD00B
:10419000D4E900139B0555D4B4E000BF01200125EC
:1041A0009AE700BF04F1300002F060FF05460028E6
:1041B0007FF41CAEC8E200BF04F1300002F056FFED
:1041C0002AE600BF04F1300002F050FF42E600BFD3
:1041D00004F1300002F04AFF5AE600BF04F130005B
:1041E00002F044FF72E600BF04F1300002F03EFF2F
:1041F0008AE600BF04F1300002F038FFA2E600BFFB
:1042000004F1300002F032FF88E700BF04F1300013
:1042100002F02CFFA2E700BF04F1080002F0B0FE9C
:1042200000280246B4D1D8F8C000D4F8A01020F07D
:1042300007000843C8F8C00000202A46D4E900134C
:104240009B055FD5D4F8A43043F00806082E0BD1A7
:10425000814660B9D8F8C00020F008001843C8F8BB
:10426000C00000204EE000BF01204FF0010989018D
:104270004BD4A6E00125B9E50120012621784907A4
:104280003FF5D9ADF1E500BF0120012521780907EF
:104290003FF5EFAD07E600BF012001262178C906F2
:1042A0003FF505AE1DE600BF0120012521788906F6
:1042B0003FF51BAE33E600BF012001266178C90639
:1042C0003FF531AE49E600BF01200125617889063E
:1042D0003FF547AE60E600BF01200126A1784907FF
:1042E0003FF52CAF46E700BF01200125A1788906E4
:1042F0003FF544AFA1E700BF01200122D4E900133C
:104300009B059FD4914689015BD54FF60846CFF6B1
:10431000FF768246B85940F00100B851FEF7DEFA48
:10432000054600BFB859C00708D1FEF7D7FA401BB1
:104330000228F7D90320032144E000BF5046BAF118
:10434000000F51463ED1D8F8C80010F4407018D084
:10435000D4F8BC10884211D0D8F8C800D8F8C810DA
:1043600020F4407041F48031C8F8C810D8F8C81063
:1043700021F48031C8F8C810C8F8C800C00740F060
:104380001D82D4F8BC0039684FF6CF7300F4407238
:1043900021F47C51C0F2FF0303EA1013B2F5407F11
:1043A00008BF19433960D8F8C8106FF31F3021F4E3
:1043B0004071C8F8C810D8F8C8100843C8F8C80039
:1043C00000204946226853011CD5D4F898306FF07C
:1043D000010707EB3317022F0AD34FEA33173FB118
:1043E000012F17D1D8F8007047F40037C8F80070D3
:1043F000054640B9D8F8C00020F030001843C8F88E
:10440000C00000200D46510208D42E46E17809076D
:1044100014D451E0012001255102F6D5D4F89C10A6
:10442000402921D091BBD8F8001041F40031C8F8E0
:1044300000100646F8B1E17809073DD5D4F8AC1074
:10444000042900F25F81DFE811F005003F01270039
:104450002B002B00D8F8001041F40031C8F80010F0
:10446000054650BB1EE000BF04F1080002F088FDC5
:1044700000280646DFD1D8F8BC00D4F89C1020F004
:1044800040000843C8F8BC000020BEE70120012618
:10449000E1780907D2D40FE004F1300002F0E6FD24
:1044A000054650B9D8F8B800D4F8AC1020F0070091
:1044B0000843C8F8B80000203546E178C90627D57A
:1044C000D4F8B0104FEAF101042900F21F81DFE8AF
:1044D00011F0050005010F0013001300D8F80010BB
:1044E00041F40031C8F80010064690B906E000BF5C
:1044F00004F1300002F0BAFD064650B9D8F8B80011
:10450000D4F8B01020F038000843C8F8B8000020F4
:104510002E46E178890627D5D4F8B4104FEAB111B8
:10452000042900F2F780DFE811F00500E3000F0036
:1045300013001300D8F8001041F40031C8F800103F
:10454000054690B906E000BF04F1300002F08EFD90
:10455000054650B9D8F8B800D4F8B41020F4E0708B
:104560000843C8F8B80000203546E17849061BD555
:10457000D4F8B8104FEA7121052900F2D580DFE8A0
:1045800011F007001701CD0007000700070000BF6A
:10459000064650B9D8F8B800D4F8B81020F46060D6
:1045A0000843C8F8B80000202E46217989071BD59A
:1045B000D4F8A810032900F28380DFE801F0090392
:1045C000770900BFD8F8001041F40031C8F8001096
:1045D000054650B9D8F8BC00D4F8A81020F0030064
:1045E0000843C8F8BC00002035462179490721D589
:1045F000D4F8941059B1B1F5007F0BD0B1F5807F9C
:104600003CD1D8F8001041F40031C8F8001006463B
:1046100088B905E004F1080002F0B2FC064650B982
:10462000D8F8C000D4F8941020F440700843C8F8BB
:10463000C00000202E462179C90624D5D4F8C41024
:10464000302909D0202909D010292DD1D8F80010FF
:1046500041F40031C8F80010B0B904E004F13000B2
:1046600002F004FD80B9D8F8BC00D4F8C41020F0E2
:1046700030000843C8F8BC0005E000BF0120012657
:104680002179C906DAD430462179090758BFBDE837
:10469000F087D8F8C010D4F8C02021F0C001114331
:1046A000C8F8C010BDE8F0870120EDE704F108006C
:1046B00002F066FC002805467FF497AF8AE700BF4A
:1046C0000120012591E700BF04F1080002F058FC29
:1046D000002805467FF4F1AEE4E600BF04F10800CF
:1046E00002F04EFC002806467FF413AF06E700BF39
:1046F00004F1080002F044FC002805467FF435AFC1
:1047000028E700BF01200125D7E600BF01200126D0
:10471000FFE600BF0120012527E700BF04F13000BC
:1047200002F0A4FC34E700BF0120012621798907AB
:104730003FF53EAF58E700BF04F1080002F020FC4F
:10474000054600287FF452ABE06DFFF747BB00BF82
:1047500004F1080002F014FCFFF75EBB04F108004E
:1047600002F00EFCFFF776BB04F1080002F008FC33
:10477000FFF78EBB04F1080002F002FCFFF7A6BBB6
:1047800004F1080002F0FCFBFFF7BEBB04F10800D7
:1047900002F0F6FBFFF7D6BB04F1080002F0F0FBD5
:1047A000FFF7BCBC04F1080002F0EAFBD6E400BF4E
:1047B00004F1080002F0E4FBEAE600BFFEF78EF821
:1047C000054641F2883600BFD8F8C80080073FF59B
:1047D000D8ADFEF783F8411B0320B1424FF003012F
:1047E000F2D9EFE52DE9F04381B0002800F0D08048
:1047F00042F20008C4F202080446D8F800000D4650
:1048000000F00F0088420DD2D8F8000020F00F0011
:104810002843C8F80000D8F8000000F00F00A842B4
:1048200040F0B680206840F62047C106C4F2024737
:104830000CD561693A68702303EA1222914205D9C6
:104840003A6822F4E04242EA0121396001070CD5BE
:1048500021693A68702303EA1212914205D93A6835
:1048600022F4E06242EA0111396041070AD5E168A9
:104870003A6802F07002914204D93A6822F070025C
:104880001143396081070AD5A1683A6802F00F0226
:10489000914204D93A6822F00F0211433960C007EF
:1048A00068D1206881070AD5A1683A6802F00F0232
:1048B000914204D23A6822F00F0211433960D8F8CD
:1048C000001001F00F01A9420CD9D8F8001021F016
:1048D0000F012943C8F80010D8F8001001F00F01AB
:1048E000A94255D141070AD5E1683A6802F0700241
:1048F000914204D23A6822F07002114339600107F4
:104900000CD521693A68702303EA1212914205D24C
:104910003A6822F4E06242EA01113960C0060CD51F
:1049200060693968702202EA1121884205D239682B
:1049300021F4E04141EA0020386000F007F93968CD
:104940004CF2947201F00F01C0F60002525C40F28A
:104950000401C2F20001096840F2240320FA02F2C5
:10496000C2F2000308461A6001B0BDE8F043FDF74B
:10497000EFBF00BF606857F8201C01280CD0022848
:1049800004D003285AD1890102D507E0890305D450
:10499000012001B0BDE8F0838905F9D557F8041C62
:1049A00021F00301084347F8040CFDF797FF616805
:1049B0000646032941F2883939D0022929D0012934
:1049C00010D100BF57F8040C00F0180008283FF47D
:1049D00068AFFDF783FF801B48454FF00300F1D916
:1049E0000DE000BF57F8040C10F0180F3FF459AF5A
:1049F000FDF774FF801B48454FF00300F2D901B06A
:104A0000BDE8F083FDF76AFF801B48454FF00300C7
:104A1000F5D857F8040C00F018001028F2D140E740
:104A2000FDF75CFF801B48454FF00300E7D857F8BF
:104A3000040C00F018001828F2D132E78907A7D536
:104A4000ACE7000080B500F081F840F62041C4F2E8
:104A5000024109684CF2947201F00F01C0F60002A5
:104A6000515C01F01F01C84040F22401C2F2000174
:104A7000086080BD80B500F069F840F62041C4F2BE
:104A800002410A684CF2947302F00F02C0F6000370
:104A90009A5C02F01F02D04040F22402C2F20002EF
:104AA000106009684CF2A472C1F30211C0F6000252
:104AB000515C01F01F01C84080BD000080B500F0CE
:104AC00045F840F62041C4F202410A684CF2947362
:104AD00002F00F02C0F600039A5C02F01F02D04001
:104AE00040F22402C2F20002106009684CF2A47283
:104AF000C1F30221C0F60002515C01F01F01C84061
:104B000080BD000080B500F021F840F62041C4F2DD
:104B100002410A684CF2947302F00F02C0F60003DF
:104B20009A5C02F01F02D04040F22402C2F200025E
:104B3000106009684CF2A472C1F30231C0F60002A1
:104B4000515C01F01F01C84080BD000080B540F6F7
:104B50000041C4F20241C86900F01800082802BFF1
:104B600040F60010C0F23D0080BDC86910F0180F7B
:104B700034D0C86900F01800102802BF47F6400082
:104B8000C0F27D1080BDC86900F01800182849F2F5
:104B90000000C0F2D03066D1D1F828E08A6AC2F3B2
:104BA000052C8A6A8B6BBCF1000F04BF002080BD0E
:104BB000DB08D20603EAE2726FF35F3200EE102ADE
:104BC0000EF00302B8EE400A032A15D0012A17D1CD
:104BD0000A68920618D49FED251A1DE00868800621
:104BE00049F20000C0F2D03058BF80BD0968C1F35F
:104BF000C101C84080BD00BF9FED1B1A0CE000BF83
:104C00009FED1B1A08E000BF0A68C2F3C102D04042
:104C100001EE100AB8EE411A02EE10CA486BB8EE67
:104C2000422A6FF35F2081EE021A02EE100A9FED16
:104C3000113AB8EE422A20EE030A486B30EE020A1F
:104C4000B7EE002AC0F3462030EE020A013021EE12
:104C5000000A01EE100AB8EE411A80EE010ABCEE1D
:104C6000C00A10EE100A80BD20BCBE4B0024744C5C
:104C70000024744A00000039002804BF0120704756
:104C80002DE9F04381B040F6004740F6F049044674
:104C9000C4F20247C4F20249F86959F8C81C2278E4
:104CA00000F01808D00601F003062AD5B8F1080F65
:104CB0001CD0B8F1180F08BF022E17D0E169386870
:104CC000002900F06D8140F480703860FDF706FE29
:104CD000054600BF386880050CD4FDF7FFFD401B7A
:104CE00002284FF00300F5D958E200BFE069002820
:104CF00000F0E480B869216A20F47C1040EA0140A9
:104D0000B8612078C00719D0B8F1100F12D0B8F1EF
:104D1000180F08BF032E0DD061683868B1F5A02FB9
:104D200060DA002900F0B081B1F5803F00F0CE815B
:104D30009EE100BF6068002800F0C08020788007F6
:104D400077D5B8F1000F21D0E068B8F1180F08BF8F
:104D5000012E55D03968002800F06681206921F0C5
:104D6000180108433860386840F001003860FDF7EA
:104D7000B5FD05463868800754D4FDF7AFFD401BEC
:104D800002284FF00300F5D908E200BFE0680028D0
:104D900000F094803968206901F01801814231D017
:104DA000396821F0180108433860FFF7CFFE396AEF
:104DB0004CF2947201F00F01C0F60002515C40F217
:104DC000240201F01F0120FA01F140F20400C2F2B6
:104DD00000000068C2F200021160FDF7B9FD002872
:104DE0006CD10FE000F06A81B1F5A81F40F040815E
:104DF00040F480203860386840F4801064E100BFDF
:104E000000285BD0FDF76AFD054600BF38688007C3
:104E100008D4FDF763FD401B0228F7D9032001B039
:104E2000BDE8F0833869616920F4FE0040EA014082
:104E300038612078000745D4207840075CD420787A
:104E4000800600F17F80A56AA5B3B8F1180F40F085
:104E5000C98059F8C81C59F8BC0C012D2ED0E26A43
:104E600001F00303934229D1C1F30521226B914242
:104E700024D1626B01466FF35F21013A91421DD14B
:104E8000A16BC0F3462201398A4217D1E16BC0F30E
:104E9000064201398A4211D1216CC0F30660013902
:104EA00088420BD159F8B80CE16CC0F3CC008842B1
:104EB00040F0E881002001B0BDE8F083012001B09E
:104EC000BDE8F083A169D9F80000002952D040F074
:104ED0008060C9F80000FDF701FD0546D9F8000023
:104EE0000001A9D4FDF7FAFC401B0228F6D90320E3
:104EF00001B0BDE8F08300BF4FF62446CFF6FF7641
:104F0000B859C00712D1B85940F00100B851FDF7A7
:104F1000E5FC0546B859C00708D1FDF7DFFC401B8A
:104F200002284FF00300F5D938E100BFA168D9F895
:104F30000000042946DC002900F0EA80012900F085
:104F40001781D5E0616A3868002900F07F8040F45D
:104F500080503860FDF7C2FC054600BF3868800409
:104F60003FF571AFFDF7BAFC401B02284FF003007C
:104F7000F4D913E120F08060C9F80000FDF7AEFC21
:104F8000054600BFD9F8000000017FF555AFFDF7D9
:104F9000A5FC401B02284FF00300F3D9FEE000BF40
:104FA00020F480703860FDF799FC0546386880056C
:104FB0007FF5A7AEFDF792FC401B02284FF00300DF
:104FC000F4D9EBE0052900F0C780852940F09080F6
:104FD00040F00400C9F80000D9F8000040F080005B
:104FE000C2E000BF386820F080703860FDF776FCC2
:104FF000022D05460CD100BF3868800140F1D280F7
:10500000FDF76CFC401B02284FF00300F4D9C5E00B
:105010003868800140F12881FDF760FC401B0228C0
:105020004FF00300F4D9B9E021F001003860FDF73A
:1050300055FC0546386880077FF5FBAEFDF74EFC52
:10504000401B02284FF00300F4D9A7E020F4805061
:105050003860FDF743FC0546386880047FF5F3AE01
:10506000FDF73CFC401B02284FF00300F4D995E00B
:1050700020F480303860386820F480203860386848
:1050800020F4801024E000BF20F4803038603868BD
:1050900020F480103860386820F480203860FDF7F4
:1050A0001DFC0546386880037FF548AEFDF716FC09
:1050B000401B64284FF00300F4D96FE040F48020D7
:1050C0003860386820F480103860386840F48030E8
:1050D0003860FDF703FC0546386880033FF52EAEC7
:1050E000FDF7FCFB401B64284FF00300F4D955E0AA
:1050F00020F00100C9F80000D9F8000020F00400F9
:10510000C9F80000D9F8000020F0800032E000BFAC
:1051100020F00100C9F80000D9F8000020F080005C
:10512000C9F80000D9F8000020F00400C9F8000018
:10513000FDF7D4FB054641F2883600BFD9F80000E0
:1051400080077FF57CAEFDF7C9FB401BB0424FF0F6
:105150000300F3D922E000BF40F00400C9F80000CA
:10516000D9F8000020F08000C9F80000D9F800004C
:1051700040F00100C9F80000FDF7B0FB054641F220
:10518000883600BFD9F8000080073FF558AEFDF71C
:10519000A5FB401BB0424FF00300F3D901B0BDE8BE
:1051A000F08300BF59F8C80C43F6037104F12C03D7
:1051B00088430ECB084340EA0220A16B49F8C80C93
:1051C0004FF47E4202EB4121E26B581E4FF4FE0386
:1051D00089B203EB02426FF35F20084402F4FE0140
:1051E000226C4FF0FE4303EB0262084402F0FE41E2
:1051F000084449F8BC0C59F8C80C20F0100049F8D4
:10520000C80CE06CC00049F8B80C59F8C80C40F064
:10521000100049F8C80C59F8C80C616C20F00C005B
:10522000084349F8C80C59F8C80CA16C20F02000BC
:10523000084349F8C80C59F8C80C40F4803049F8C4
:10524000C80C386840F080703860FDF747FB0446B2
:10525000386880013FF52EAEFDF740FB001B0228A9
:105260004FF00300F4D999E759F8C80C4FF6FC71D8
:10527000CFF6F871084049F8C80C002001B0BDE82D
:10528000F08300BF59F8C80C20F0100049F8C80C92
:10529000FDF724FB0546FDF721FBA842FBD0E06C9F
:1052A000C00049F8B80C59F8C80C40F0100049F893
:1052B000C80C002001B0BDE8F0830000002804BF46
:1052C000012070472DE9F04381B0016844F60044A5
:1052D00041F08053C5F201040022A342826203D14F
:1052E000C2680F2A01D949E0C268C36B012404EBEC
:1052F00053130832D20803FB02F244F60043C4F20F
:10530000010399420AD043F60043C5F2000303F5B6
:105310008833994204D1082A30D801E0082A2DD8D0
:1053200042F6FF73C4F20103994213DD43F2000316
:10533000C4F2010399421FD043F60003C5F20003F3
:10534000994219D043F20003C5F20103994213D0E8
:105350000CE000BF43F60003C4F2000399420BD0F7
:1053600043F60043C4F20003994205D043F60043DC
:10537000C5F20003994205D1102A03D9012001B0DA
:10538000BDE8F08390F8891031B9002180F88810C9
:10539000044600F085F82046022180F88910D0E903
:1053A0000019D0F818800C68B8F1806F24F001045F
:1053B0000C608C6804F4F81C10D1B9F1000F05D012
:1053C000B9F5800F0AD1846B74B903E0846BB4F132
:1053D000805F06D10C6844F480540C605FEA492475
:1053E00002D44FF0010E0FE0C468072C0AD3D1F8A5
:1053F00000E0066D2EF480752E430E604FF0000E17
:1054000007E000BF4FF0000E0C6824F480740C60BD
:10541000C468C669876AC36B46EA0C0637433B43D8
:1054200023438568D0E904628B60D0E90D34476A74
:10543000BEF1000F43EA070343EA0403D0E9124731
:1054400043EA0603066A42EA030242EA060242EA25
:10545000070242EA0502836D42EA0402C76D42EA8E
:105460000302036E42EA070242EA030242EA08022A
:1054700042EA0902CA600A6D22F001020A6505D1FA
:10548000CA68436D22F000421A43CA600021C0F886
:105490008C10012180F88910002001B0BDE8F08354
:1054A000B0B5BCB0044602A800250830C8213B9521
:1054B000CDE93955CDE93755FBF752F8206843F26D
:1054C0000001C4F20101884202D03CB0B0BD00BF6F
:1054D0004FF00060029002A80395FEF75FFC0028E1
:1054E00018BFFBF72FFB40F68C40C4F202408169E5
:1054F00041F480518161816901F4805101910199E8
:10550000016841F001010160006837A900F0010065
:1055100001900198E0203790022038900020CDE9DA
:10552000390005203B900020C4F20220FDF70CF961
:105530003CB0B0BD2DE9F047D0F800901D461746AD
:1055400004460E46FDF7CAF994F8891001290DD1D9
:105550008046002E4FF0010018BF002F02D1BDE899
:10556000F08700BF94F88800012803D10220BDE82D
:10557000F08700BF01210320002284F8881084F8FE
:105580008900C4F88C206666A4F86870A4F86A7074
:10559000E266A4F87020A4F87220A068A267B0F5B3
:1055A000C02F2068E26705D1016841F40061016005
:1055B00004E000BFC26861F35242C26041684FF626
:1055C000FF72914339444160016841F0010101607B
:1055D0006168B1F5800F03D1016841F40071016089
:1055E000E168102916D343F2FF71C5F20001884229
:1055F0005CDC43F60001C4F20001884268D043F647
:105600000041C4F20001884262D043F20001C4F2BA
:1056100001015BE0072900F2A780B4F86A000028C6
:1056200000F0D4804FF6FE706E1CA0F1020A471CF9
:1056300010E000BF616E51F8042B026250466166B3
:10564000B4F86A100844A4F86A00B4F86A000028A4
:1056500000F0BC8020684169890709D4FDF73EF954
:10566000002EF2D0A0EB0800A842EED350E000BF1D
:10567000B4F86A10042902D3E16B4129DAD2B4F8F4
:105680006A1001290AD9E26B616E42B131F8020B4E
:10569000A9F820004FF6FE70D1E700BF616E0978CF
:1056A00080F82010606E411C3846C8E743F60001C0
:1056B000C5F2000188420BD043F20001C5F201019E
:1056C000884205D043F60041C5F2000188424BD123
:1056D000B4F86A00002879D0681C0FD130E000BF10
:1056E000616E51F8042B02626166B4F86A000138F9
:1056F000A4F86A00B4F86A00002867D020684169FD
:105700008907EDD4FDF7EAF8A0EB0800A842F1D331
:10571000204601F03BFED4F88C0040F48070C4F8C1
:105720008C00012084F88900002084F88800032080
:10573000BDE8F087FDF7D2F8B4F86A00002845D03C
:10574000206841698907F5D5616E51F8042B026222
:105750006166B4F86A000138A4F86A00B4F86A0017
:105760000028EDD132E000BFB4F86A0070B34FF604
:10577000FE706E1C471C0EE0606E30F8021BA9F82C
:10578000201039466066B4F86A000844A4F86A003C
:10579000B4F86A00D0B121684869800708D4FDF7E1
:1057A0009DF8002EF4D0A0EB0800A842F0D3AFE79C
:1057B000B4F86A000128DFD9E26B606E002ADCD001
:1057C00050F8042B0A624FF6FE71DBE7681C13D019
:1057D00020684069000713D4FDF780F8A0EB0800AB
:1057E000A842F5D3D4F88C0040F02000C4F88C0017
:1057F00006E000BFFDF772F8206840690007F9D5A0
:10580000204601F0C3FD012084F88900002084F8BF
:105810008800D4F88C00002818BF0120BDE8F0876C
:105820002DE9F04F81B0D0F80090C66B9A4617462C
:1058300004460D46FDF752F894F8891001290FD15E
:1058400080464FF0010025B1002F18BFBAF1000FBC
:1058500002D101B0BDE8F08F94F88800012803D18F
:10586000022001B0BDE8F08F012084F888000520F7
:10587000002184F88900C4F88C10E766A4F872A0AF
:10588000A4F870A06566A4F86AA02068A4F868A0CF
:10589000A167E167C168102721F4C021C16043F20C
:1058A000FF71C5F20001884210DC43F60002C4F229
:1058B000000290421DD043F60042C4F20002904222
:1058C00017D043F20002C4F201020FE043F60002D7
:1058D000C5F2000290420CD043F60042C5F200022D
:1058E000904206D043F20002C5F20102904218BF76
:1058F000082742684FF6FF739A4352444260026899
:1059000042F0010202606268B2F5800F4FF00102BE
:1059100003D1036843F400730360E36802EB56129B
:10592000102B17D3884200F39D8043F60001C4F288
:1059300000010A9B884200F0A88043F60041C4F2AF
:105940000001884200F0A18043F20001C4F201018D
:1059500099E000BF072B0A9B00F200814FF6FF7110
:105960001FFA82F9012003F1010BA1F1030C0123BD
:1059700056460FE04FF0000AB3B21FFA8AF0002B30
:1059800018BF012346EA0A01002818BF01200904B4
:1059900000F0568121681FFA8AF2DB074D6918BFB3
:1059A00015F0020312D0B3B23B4493420ED9636E9A
:1059B0001B7881F82030636E216801336366B4F888
:1059C0006A30013BA4F86A30B4F86A604B69C007DA
:1059D000D0D04869C00724D14A451DD213F40040F5
:1059E0001AD091F83000E16E0870E06E2168421C18
:1059F000E26691F830104170E06E2168421CE26668
:105A000091F830104170E06E2168421CE26691F816
:105A10003010417060460AE0032A13D813F4C040E6
:105A200010D091F83000E16E08704FF6FF70E16E13
:105A30000131E166B4F872100844A4F87200B4F8B9
:105A400072A099E76546FCF749FFBBF1000F07D04C
:105A50000A99A0EB08008842AC46FFF48DAF69E0DC
:105A6000AC4689E743F60001C5F200010A9B884273
:105A70000BD043F20001C5F20101884205D043F684
:105A80000041C5F20001884268D11FFA82FBBD08BF
:105A9000012003F10109012356460FE04FF0000AEF
:105AA000B3B21FFA8AF0002B18BF012346EA0A019D
:105AB000002818BF0120090400F0C28021681FFAE5
:105AC0008AF2DB074F6918BF17F002030FD0B3B299
:105AD0002B4493420BD9636E53F8047B0F626366C9
:105AE000B4F86A30013BA4F86A30B4F86A604B69D4
:105AF000C007D3D04869C00704D15A4510D213F467
:105B000000400DD0096BE06E01600430E066B4F82F
:105B100072000138A4F87200B4F872A0C0E700BFA8
:105B2000FCF7DCFEB9F1000FBAD00A99A0EB08002F
:105B30008842B5D3204601F029FCD4F88C0040F40B
:105B40008070C4F88C00012084F88900002084F85B
:105B50008800032001B0BDE8F08F00BF4FF6FF7151
:105B60001FFA82FB7F0801205A1CA1F1010C0123BE
:105B7000564600920FE000BF4FF0000AB3B21FFA82
:105B80008AF0002B18BF012346EA0A01002818BF3B
:105B90000120090454D022681FFA8AF1DB075569F5
:105BA00018BF15F0020310D0B3B23B448B420CD99E
:105BB000636E33F8026BA9F820606366B4F86A304C
:105BC000013BA4F86A30B4F86A605369C007D3D0C7
:105BD0005069C00716D159450ED213F400400BD0BE
:105BE000B9F83010E06E20F8041BB9F8301020F836
:105BF000021C61460DE000BF012913D113F40050CF
:105C000010D000BFB9F83010E06E20F8021B4FF63C
:105C1000FF71E066B4F872000844A4F87200B4F8AA
:105C200072A0ABE76546FCF759FE009931B10A99BD
:105C3000A0EB08008842AC46A0D37BE7AC469DE7CA
:105C40000A9D681C14D000BF20684069000713D467
:105C5000FCF744FEA0EB0800A842F5D3D4F88C0072
:105C600040F02000C4F88C0006E000BFFCF736FED0
:105C7000206840690007F9D5204601F087FB012024
:105C800084F88900002084F88800D4F88C0000286B
:105C900018BF012001B0BDE8F08F0000042888BFC4
:105CA0007047DFE800F0031B13352D004EF21000A3
:105CB000CEF20000016821F00401016040F6E440EA
:105CC000C4F20240016821F00C0120E04EF2100005
:105CD000CEF200000168022206E000BF4EF2100082
:105CE000CEF200000168012221F00401016040F6BB
:105CF000E440C4F20240016862F3830107E000BFA0
:105D00004EF21000CEF20000016841F00401016083
:105D100070470000411E0020B0EB116F1CBF012036
:105D200070474EF21002CEF200025160906011688E
:105D300041F00301116070474EF21000CEF20000F6
:105D40000068400744BF0420704740F6E440C4F2B6
:105D50000240006800F00C01081FB0FA80F0400912
:105D6000082908BF0220704790F83C20012A4FF014
:105D7000020200F0C08010B580F83D20026842F6B3
:105D8000FF33D2F804E0D2F808C0C5F201039A420A
:105D90000CDC42F60043C4F201039A4212D043F2F3
:105DA0000043C4F201039A420CD010E043F20043D6
:105DB000C5F201039A4205D042F60043C5F2010341
:105DC0009A4204D14C682EF4700344EA030E4FF655
:105DD0008F73CFF6FF530C6803EA0E032343B2F12F
:105DE000A04F536014DA41F2FF73C4F200039A42E9
:105DF00022DC40F2FF73C4F200039A423EDCB2F1AF
:105E0000804F6BD040F20043C4F2000364E000BF57
:105E100041F2FF73C5F200039A421FDC40F2FF73A8
:105E2000C5F200039A4235DCB2F1A04F56D040F2E1
:105E30000043C5F200034FE043F2FF33C4F2010315
:105E40009A4233DC41F60003C4F200039A4245D083
:105E500042F60043C4F201033EE000BF43F2FF33C9
:105E6000C5F201039A422DDC41F60003C5F200039E
:105E70009A4233D042F600432CE000BF40F60003C4
:105E8000C4F200039A4229D040F60043C4F2000352
:105E900022E000BF40F60003C5F200039A421DD085
:105EA00040F60043C5F2000316E000BF43F2004392
:105EB000C4F201039A4211D044F20003C4F2010378
:105EC0000AE000BF44F20003C5F201039A4205D084
:105ED00043F20043C5F201039A4204D189682CF0D1
:105EE0008003194391600121002280F83D1080F861
:105EF0003C20BDE81040104670470000002804BF59
:105F00000120704710B5044690F83D0028B90020E4
:105F100084F83C00204600F023F8022084F83D007D
:105F20002068211D01F05EFB012084F8480084F800
:105F30003E0084F83F0084F8400084F8410084F873
:105F4000420084F8430084F8440084F8450084F853
:105F5000460084F8470084F83D00002010BD000092
:105F6000006841F20001C4F20001884218BF704786
:105F700081B040F69C40C4F20240016841F010013B
:105F80000160006800F010000090009801B07047B8
:105F900090F83D1001291BD1022180F83D100168C5
:105FA000B1F1A04F16DA41F2FF70C4F20000814255
:105FB00024DC40F2FF70C4F20000814240DCB1F109
:105FC000804F6DD040F20040C4F2000066E000BF98
:105FD0000120704741F2FF70C5F2000081421FDCD2
:105FE00040F2FF70C5F20000814235DCB1F1A04FF4
:105FF00056D040F20040C5F200004FE043F2FF30BF
:10600000C4F20100814233DC41F60000C4F200001A
:10601000814245D042F60040C4F201003EE000BF9C
:1060200043F2FF30C5F2010081422DDC41F6000051
:10603000C5F20000814233D042F600402CE000BFA0
:1060400040F60000C4F20000814229D040F6004032
:10605000C4F2000022E000BF40F60000C5F20000DC
:1060600081421DD040F60040C5F2000016E000BF9E
:1060700043F20040C4F20100814211D044F200001A
:10608000C4F201000AE000BF44F20000C5F20100C2
:10609000814205D043F20040C5F2010081420DD19A
:1060A00088680722C0F201020240062A4FF0000071
:1060B00018BFB2F5803F01D1704700BF086840F0BB
:1060C00001000860002070477047000080B586B06E
:1060D000006840F20042C4F20002002190420591A3
:1060E000CDE903110291019102D006B080BD00BF3D
:1060F00040F68C40C4F20240026842F004020260A2
:10610000006800F0040000900098402001900220F8
:10611000CDE902010321CDE9041040F60000C4F2EC
:10612000022001A9FCF710FB06B080BD90F83C30BE
:10613000012B04BF022070474FEAB2020123052A57
:1061400080F83C3000F271812DE9F041DFE802F087
:1061500004704064188400BF0268054610460C466F
:1061600001F0C6FB2A68284652F8181F41F00801C2
:106170001160116821F00401116021694FE100BF35
:10618000036842F6FF37D3F820C01A6AC5F2010748
:1061900022F480321A621A465D6852F8504FD1F8E4
:1061A00000E08E68BB4200F37F8042F60047C4F2F5
:1061B0000107BB4200F08A8043F20047C4F20107A6
:1061C000BB4200F0838044F20007C4F201077BE089
:1061D000036842F6FF381D6A1A6A25F4007522F436
:1061E00080721A621A465C6852F81CCF8E68D1F829
:1061F00000E045EA0625C5F20108434500F3868024
:1062000042F60047C4F20107BB4200F08B8043F224
:106210000047C4F2010783E00268054610460C46B9
:1062200001F04CFC2A68284652F81C1F0AE000BF07
:106230000268054610460C4601F0CEFB2A68284647
:1062400052F8181F41F400611160116821F4806157
:1062500011602169E2E000BF036842F6FF37D3F81E
:1062600020C01A6AC5F2010722F480121A621A4687
:106270005C6852F8505FD1F800E08E68BB4200F3D2
:106280009D8042F60047C4F20107BB4200F0A8809F
:1062900043F20047C4F20107BB4200F0A18044F280
:1062A0000007C4F2010799E042F60047C5F2010772
:1062B000BB420BD044F20007C5F20107BB4205D038
:1062C00043F20047C5F20107BB4204D14F6925F4F0
:1062D000803545EA07252CF4003747EA06474FF694
:1062E0008C76CFF6FE760336264046EA0E065D60D3
:1062F0001E654E6809699E641F621F6D47F008079E
:106300001F651F6D27F004071F6588E043F20047F3
:10631000C5F20107BB4205D042F60047C5F20107AE
:10632000BB4208D1CF6840F2FF463F0225F44065EA
:1063300027EA06063543434510DC42F60046C4F220
:106340000106B3421CD043F20046C4F20106B34238
:1063500016D044F20006C4F201060FE042F60046F1
:10636000C5F20106B3420BD044F20006C5F20106A5
:10637000B34205D043F20046C5F20106B34206D14E
:10638000D1E9056724F440543E4344EA06144FF62D
:106390008C76CFF6FE760CEA060747EA0E075C60BD
:1063A000DF614F680969DF631D62DF6947F0080735
:1063B000DF61DF6927F00407DF6130E042F6004764
:1063C000C5F20107BB420BD044F20007C5F201073A
:1063D000BB4205D043F20047C5F20107BB4204D1DE
:1063E0004F6924F4802444EA87242CF4001747EAF8
:1063F000065748F6FF76CFF6FF662E4046EA0E2691
:106400005C601E654E680969DE641F621F6D47F49B
:1064100000671F651F6D27F480671F6509021368F9
:10642000194300231160BDE8F041002180F83C10C1
:1064300018467047002804BF0120704710B5044675
:1064400090F83D0028B9002084F83C00204600F078
:1064500023F8022084F83D002068211D01F0C2F8D5
:10646000012084F8480084F83E0084F83F0084F856
:10647000400084F8410084F8420084F8430084F826
:10648000440084F8450084F8460084F8470084F806
:106490003D00002010BD000070B582B004460068C9
:1064A00040F20041C4F20001884201D002B070BD48
:1064B00040F68840C4F20240416940F2AC4541F0E8
:1064C000020141614169D02201F00201019101996B
:1064D00001684FF04D0C41F0010101600068C2F20B
:1064E000000500F0010000900098C4F202020021B3
:1064F00001204FF48036C5E9002C4FF440024FF4E0
:10650000806E0823C5E90606C5E90820C5E90A0129
:106510002846C5E9021EC5E90431C5E90C11FBF79F
:1065200097FD002818BFFAF70DFB28461021656279
:10653000EC65FBF79BFC0028B8D002B0BDE87040CA
:10654000FAF700BB016840F20042C4F20002914237
:1065500018BF704770B586B000210446002500F0D2
:106560009BFA206840F6000445630168C4F20224E7
:1065700021F001010160456240F68C400595CDE9AE
:106580000355CDE90155C4F202400168002241F0F3
:10659000040101600068402100F0040000900098B0
:1065A00020464026FCF794F90120CDE9020501A917
:1065B000204601960495FCF7C7F8204640210022AA
:1065C000FCF786F940F2A000C2F20000057006B0A8
:1065D000BDE87040704700007047000070B5D9B149
:1065E0000E1F4FEAB60543244FF03F0C042D38BF71
:1065F0000CEBB604065D022E04BF022070BD032D15
:106600003AD8DFE805F0031D111700BF00F13F0481
:106610002678012E19D034E0044614F83E6F022E7D
:1066200004BF022070BD0DE000F141042678012E68
:106630000BD026E000F142042678012E05D020E0A0
:1066400000F140042678012E1BD1002A4FF0010CE6
:1066500018BF002B02D1604670BD00BFA1B10E1F54
:106660004FEAB605032D1FD8DFE805F0021A12160F
:10667000022680F83F601AE000F143042678012EDC
:10668000E3D0012070BD00BF022680F83E600EE01E
:10669000022680F841600AE0022680F8426006E0A7
:1066A000022680F8406002E0022680F843604FEA4C
:1066B000B105032DCFD8DFE805F0036F274B00BFEE
:1066C000466A47F62105C0F600053566466A47F674
:1066D0005905C0F600057566466A47F69105C0F68D
:1066E0000005B566D0F824C005689CF8506005F137
:1066F000340E360600F1A88004460D466046114669
:106700007246FBF771FFB1E0C66A47F62105C0F695
:1067100000053566C66A47F65905C0F60005756678
:10672000C66A47F69105C0F60005B566D0F82CC0DC
:1067300005689CF8506005F13C0E360650D40446BE
:106740000D46604611467246FBF74EFF5AE000BF09
:10675000066B47F62105C0F600053566066B47F661
:106760005905C0F600057566066B47F69105C0F63B
:106770000005B566D0F830C005689CF8506005F19A
:10678000400E360646D404460D4660461146724613
:10679000FBF72AFF50E000BF866A47F62105C0F6E6
:1067A00000053566866A47F65905C0F60005756628
:1067B000866A47F69105C0F60005B566D0F828C090
:1067C00005689CF8506005F1380E360656D404462C
:1067D0000D46604611467246FBF706FF60E000BFBB
:1067E000DCF87440002C3FF44CAF2668002E3FF4D8
:1067F00048AF044660460D46C6E90232C6F810E0CE
:10680000FBF7B4FA00287FF43CAF29464FF400624E
:106810004CE000BFDCF87440002C3FF432AF266837
:10682000002E3FF42EAF044660460D46C6E9023204
:10683000C6F810E0FBF79AFA00287FF422AF294649
:106840004FF4805232E000BFDCF87440002C3FF47B
:1068500018AF2668002E3FF414AF044660460D467C
:10686000C6E90232C6F810E0FBF780FA00287FF490
:1068700008AF29464FF4007218E000BFDCF87440FE
:10688000002C3FF4FEAE2668002E3FF4FAAE04461C
:1068900060460D46C6E90232C6F810E0FBF766FA1C
:1068A00000287FF4EEAE29464FF48062206801F0A4
:1068B0001F01C368B0F1A04F42EA0302C2604FF06B
:1068C0000102036A02FA01F123EA01020262026A8A
:1068D00041EA0201016215DA41F2FF71C4F20001DE
:1068E000884229DC40F2FF71C4F20001884245DC95
:1068F000B0F1804F00F0BA8040F20041C4F20001D4
:10690000B2E000BF41F2FF71C5F20001884225DC10
:1069100040F2FF71C5F20001884240F3818040F6E9
:106920000001C5F20001884200F0A08040F600415D
:10693000C5F2000198E000BF43F2FF31C4F201014B
:10694000884227DC41F60001C4F20001884200F0D1
:106950008D8042F60041C4F2010131E043F2FF3183
:10696000C5F20101884221DC41F60001C5F20001B7
:1069700088427BD042F6004120E000BF40F6000193
:10698000C4F20001884271D040F60041C4F2000117
:106990006AE000BF43F20041C4F20101884211D015
:1069A00044F20001C4F201010AE000BF44F2000118
:1069B000C5F20101884205D043F20041C5F2010150
:1069C000884260D1416C40F2FF72C5F2000241F48E
:1069D00000419042416417DD42F6FF31C5F20101EA
:1069E000884225DC40F60001C5F2000188423DD016
:1069F00040F60041C5F20001884237D041F600015F
:106A0000C5F2000130E000BF43F6FF71C4F201019E
:106A100088421FDD44F20001C4F20101884225D002
:106A2000B0F1A04F22D040F20041C5F200011BE0BE
:106A300042F60041C5F20101884217D044F200013C
:106A4000C5F20101884211D043F20041C5F20101B3
:106A50000AE000BF42F60041C4F20101884205D0BD
:106A600043F20041C4F2010188420CD1816807223F
:106A7000C0F20102114006294FF0000C18BFB1F519
:106A8000803F3FF4E8AD01684FF0000C41F0010198
:106A90000160604670BD0000F0B581B04FEAB107FB
:106AA000032F4FF0010500F2778004460E464CF6A6
:106AB00008002168C0F6000050F82700CA6810409E
:106AC00004EB8702C860506AFBF7BCF9206806F047
:106AD0001F01026A05FA01F122EA0101016242F690
:106AE000FF32016AC5F201029042016212DC42F6F5
:106AF0000041C4F2010188421ED043F20041C4F2B9
:106B00000101884218D044F20001C4F20101884218
:106B100012D01FE042F60041C5F2010188420BD0BD
:106B200044F20001C5F20101884205D043F2004160
:106B3000C5F2010188420DD1016A41F211121142E0
:106B400008D1016A44F24442114203D1416C21F45C
:106B500000414164016A41F21112114208D1016AF7
:106B600044F24442114203D1016821F00101016065
:106B7000DFE807F0020E060A012084F83E000AE072
:106B8000012084F8400006E0012084F8410002E082
:106B9000012084F83F000025284601B0F0BD000028
:106BA00010B5D8B10446D0F8880028B9002084F880
:106BB0008400204600F026F82420C4F888002068CD
:106BC000A16A0268002922F0010202601CBF20466F
:106BD00000F0E6FF204601F00DF908B1012010BDDC
:106BE0002168486820F490404860886820F02A00B6
:106BF0008860086840F0010220460A60BDE8104045
:106C000001F042B870470000FEE700002DE9F041B6
:106C100088B040F6D1180027C2F2000840F68C4038
:106C20000697CDE90477CDE9027788F80070C4F2C1
:106C30000240016840F6000441F004010160006870
:106C4000C4F2022400F00400019001984FF4007097
:106C500002900120039002A92046FBF775FD204613
:106C60004FF400710122FBF733FE4020ADF8040021
:106C7000A5208DF8060020464FF400710022FBF796
:106C800027FE40F6A800C2F2000001A903220A2351
:106C90000A26FEF74FFC054620464FF400710122FC
:106CA000FBF716FE002D42D14120ADF8040020462E
:106CB0004FF4007100228DF80670FBF709FE40F6D4
:106CC000A80001A9C2F200000DF11D0203230096E5
:106CD000FEF7A6FD054620464FF400710122FBF7A2
:106CE000F7FD25BB9DF81F00A52820D14020ADF859
:106CF00004005A208DF8060020464FF4007100224F
:106D00000026FBF7E5FD40F6A800C2F2000001A94D
:106D100003220A230A27FEF70DFC054620464FF4FE
:106D200000710122FBF7D4FD002D00F0838098F85C
:106D3000000001287BD14FF4A258002720464FF4D1
:106D400000710022ADF804808DF80670FBF7C0FDDD
:106D500040F6A805C2F2000501A9284603220A232D
:106D6000FEF7E8FB20464FF400710122FBF7B0FD6F
:106D70004020ADF80400FF208DF8060020464FF4B7
:106D800000710022FBF7A4FD01A9284603220A2373
:106D9000FEF7D0FB20464FF400710122FBF798FD6F
:106DA0004FF4A070ADF804000F2620464FF4007198
:106DB00000228DF80660FBF78BFD01A9284603220F
:106DC0000A23FEF7B7FB20464FF400710122FBF7C0
:106DD0007FFD4FF45460ADF8040020464FF400717D
:106DE00000228DF80660FBF773FD01A928460322F7
:106DF0000A23FEF79FFB20464FF400710122FBF7A8
:106E000067FD20464FF400710022ADF804808DF834
:106E10000670FBF75DFD01A9284603220A23FEF751
:106E200089FB20464FF400710122FBF751FD08B0A9
:106E3000BDE8F0814120ADF8040020464FF4007118
:106E400000228DF80660FBF743FD40F6A80001A97B
:106E5000C2F200000DF11D0203230097FEF7E0FCD3
:106E6000054620464FF400710122FBF731FD002D4D
:106E70007FF45DAF9DF81F005A287FF458AF0120C2
:106E800088F8000057E7000040F6D110C2F2000079
:106E90000078704770B584B040F600044121C4F218
:106EA00002248DF80D108DF80E00002620464FF4B8
:106EB000007100228DF80F60FBF70AFD40F6A80074
:106EC0000A250DF10D01C2F200000DF10A020323A3
:106ED0000095FEF7A5FC054620464FF400710122FF
:106EE000FBF7F6FC9DF80C00002D18BF3046C0B231
:106EF00004B070BD10B582B040F600044022C4F268
:106F000002248DF805208DF806008DF80710204624
:106F10004FF400710022FBF7DBFC40F6A800C2F240
:106F200000000DF1050103220A23FEF703FB2046B2
:106F30004FF400710122FBF7CBFC02B010BD000042
:106F400040F22002C2F200021268D1E9003CC0E91E
:106F500000234B890C22C0E904320A898989C0F8D0
:106F600008C081614FF40041C1610021C2604162EB
:106F7000FFF716BEFEE70000FEE7000070470000C6
:106F800070B540F62C46C4F2024656F82C1C044656
:106F900021F0806046F82C0CFBF7A0FC054600BFF2
:106FA00056F82C0C000105D5FBF798FC401B022875
:106FB000F6D958E0306843F60371884394E80E0030
:106FC000084340EA0220E16830604FF47E4202EB61
:106FD00041212269581E4FF4FE0389B203EB02429D
:106FE0006FF35F20084402F4FE0162694FF0FE4334
:106FF00003EB0262084402F0FE410844306130684D
:10700000A16920F00C00084330603068E16920F08D
:10701000200008433060606A31680843306030689F
:107020004FF6F87120F0100030607069226A8843D2
:1070300040EAC2007061306840F01000306056F8DD
:107040002C0C40F0806046F82C0CFBF747FC044603
:1070500056F82C0C000144BF002070BDFBF73EFC2D
:10706000001B0328F4D3032070BD000070B540F668
:107070003046C4F2024656F8301C044621F08050D7
:1070800046F8300CFBF72AFC054600BF56F8300CDA
:10709000800005D5FBF722FC401B0228F6D958E0FA
:1070A000306843F60371884394E80E00084340EAD1
:1070B0000220E16830604FF47E4202EB41212269F8
:1070C000581E4FF4FE0389B203EB02426FF35F20B8
:1070D000084402F4FE0162694FF0FE4303EB0262D2
:1070E000084402F0FE41084470613068A16920F054
:1070F0000C00084330603068E16920F0200008434C
:107100003060606A31680843306030684FF6F8716B
:1071100020F010003060B069226A884340EAC20063
:10712000B061306840F01000306056F8300C40F02C
:10713000805046F8300CFBF7D1FB044656F8300C73
:10714000800044BF002070BDFBF7C8FB001B032874
:10715000F4D3032070BD00002DE9F04786B040F263
:10716000A00AC2F2000A9AF8000028B102263046AE
:1071700006B0BDE8F08700BF40F6D214AAF10300C4
:107180000021C2F2000400BF90F94470142590F968
:10719000436090F94520B7F1FF3FC8BF0A25631847
:1071A0005D807D064FF0140558BF0A259D80BD0601
:1071B0004FF0140558BF0A25DD80FD064FF0140579
:1071C00058BF0A251D813D074FF0140558BF0A25F9
:1071D0005D817D074FF0140558BF0A259D81BD07CD
:1071E0004FF0140558BF0A25FF074FF01407DD8143
:1071F00008BF0A271F821427B6F1FF3FC8BF0A271E
:107200005F8277064FF0140758BF0A279F82B706A0
:107210004FF0140758BF0A27DF82F7064FF0140714
:1072200058BF0A271F8337074FF0140758BF0A2794
:107230005F8377074FF0140758BF0A279F83B7076C
:107240004FF0140758BF0A27DF83F7074FF01407E2
:1072500008BF0A271F841427B2F1FF3FC8BF0A27BF
:107260005F8457064FF0140758BF0A279F8497067C
:107270004FF0140758BF0A27DF84D7064FF01407D2
:1072800058BF0A271F8517074FF0140758BF0A2752
:107290005F8557074FF0140758BF0A279F85970748
:1072A0004FF0140758BF0A27D2074FF0140201F11C
:1072B0003001DF8508BF0A22B1F5407F00F10300ED
:1072C0001A867FF461AF40F68C4540F6000804F260
:1072D00002304FF4C871C4F20245C4F20228F9F733
:1072E0001DF900260596CDE90366CDE901662868FB
:1072F000032140F00400286028684FF0400900F0A6
:1073000004000090009802200290CDE9041001A929
:107310004046CDF80490FBF717FA40F63810C2F259
:107320000000016801274E620021224640F292438C
:107330008AF80070FFF752F900283FF418AF8AF876
:1073400000600596CDE90366CDE901662868402115
:1073500040F0040028602868002200F0040000903B
:1073600000984046FBF7B4FA01A94046CDE90197E1
:10737000CDE90366FBF7E8F9404640210022FBF720
:10738000A7FA0126304606B0BDE8F087016840F252
:107390006F32D1F814C08B6943F008038B618B699D
:1073A00043F010038B610B6823F001030B600B6942
:1073B00023EA02020A618A6822F440428A6090F855
:1073C0008920042A18BF1CF0200209D0D0F88C2094
:1073D00042F08002C0F88C208A6942F020028A6163
:1073E00090F88920032A18BF1CF040020CD15FEAF4
:1073F0008C5216D45FEACC5220D40021A0F86A1037
:10740000A0F87210704700BFD0F88C2042F0040240
:10741000C0F88C208A6942F040028A615FEA8C528F
:10742000E8D5D0F88C2042F00102C0F88C208A699F
:1074300042F400728A615FEACC52DED5D0F88C202B
:1074400042F00802C0F88C208A6942F480728A6196
:107450000021A0F86A10A0F8721070477047000071
:10746000FBF742BA10B59CB040F6140408A85021AE
:10747000C4F20244F9F774F80020CDE90600CDE922
:107480000400CDE9020054F8040C20F0300044F868
:10749000040C54F8040C00F03000019001982068AE
:1074A000000709D4206800075CBF20685FEA00700D
:1074B00002D420680007F2D540220D924FF480528A
:1074C000322011924FF48072089001200F922022F6
:1074D0000B9010920222149081200821CDE9150210
:1074E000002408A80C91CDE91222CDE917221991A8
:1074F000CDE91A44FDF7C0FB10B172B6FEE700BF3C
:107500001F20CDE9020402A80121CDE90444CDE900
:107510000644FDF767F918B172B600BFFEE700BF79
:1075200042F20000C4F20200016821F03001016063
:107530001CB010BD4EF6885CCEF2000CDCF80010DA
:10754000012241F47001CCF8001040F60041C4F271
:1075500002410A600022CA610A620B684EF6E3200B
:10756000CEF6E2201840086040F28020C0F2011000
:107570008A62CA620A6348638A63C8630A644864A9
:107580008A64086820F4802008600A654FF0006073
:1075900042F21C01C4F202014CF8800C51F8040CB8
:1075A000420F062A05D800F06040B0F1404F18BFE6
:1075B00070470868C0070BD042F63B20C0F61900A0
:1075C00041F8100C46F67F60C4F65D4041F8100C9F
:1075D000086840F002000860086840F00100086098
:1075E000704700000268B0F1A04F13DA40F6FF3395
:1075F000C4F20003984221DCB0F1804F42D040F247
:107600000043C4F2000398423CD040F60003C4F2A9
:10761000000335E040F6FF33C5F2000398421FDC5B
:10762000B0F1A04F2ED040F20043C5F200039842C3
:1076300028D040F60003C5F2000321E040F60043E5
:10764000C4F2000398421DD042F60043C4F2010385
:10765000984217D043F20043C4F2010310E000BF88
:1076600040F60043C5F2000398420BD043F20043BA
:10767000C5F20103984205D042F60043C5F201036A
:10768000984203D14B6822F070021A43B0F1A04F28
:1076900014DA41F2FF73C4F20003984222DC40F294
:1076A000FF73C4F2000398423EDCB0F1804F6BD010
:1076B00040F20043C4F2000364E000BF41F2FF73F4
:1076C000C5F2000398421FDC40F2FF73C5F20003CD
:1076D000984235DCB0F1A04F56D040F20043C5F2DD
:1076E00000034FE043F2FF33C4F20103984233DC5E
:1076F00041F60003C4F20003984245D042F600432D
:10770000C4F201033EE000BF43F2FF33C5F20103C0
:1077100098422DDC41F60003C5F20003984233D0B5
:1077200042F600432CE000BF40F60003C4F2000321
:10773000984229D040F60043C4F2000322E000BF83
:1077400040F60003C5F2000398421DD040F6004306
:10775000C5F2000316E000BF43F20043C4F2010388
:10776000984211D044F20003C4F201030AE000BFC2
:1077700044F20003C5F20103984205D043F20043EE
:10778000C5F20103984203D1CB6822F440721A4338
:1077900080B54B6922F0800E8A6843EA0E03D1F867
:1077A00000C00360C26242F6FF32C5F2010290429D
:1077B000C0F828C0BDE8804012DC42F60042C4F2A6
:1077C000010290421ED043F20042C4F201029042F4
:1077D00018D044F20002C4F20102904212D013E029
:1077E00042F60042C5F2010290420BD044F2000280
:1077F000C5F20102904205D043F20042C5F20102F7
:10780000904201D109690163012141610169C90700
:1078100008BF7047016921F0010101617047000054
:1078200010B5C46D616A81420AD0A16A814209D053
:10783000E16A814208D0216B814207D1082004E02F
:10784000012002E0022000E0042020772046FEF71D
:1078500079FE0020207710BD10B5C46D616A8142A9
:107860000AD0A16A814209D0E16A814208D0216B25
:10787000814207D1082004E0012002E0022000E05C
:10788000042020772046FEF7A7FE0020207710BDB9
:1078900010B5C46D616A81420CD0A16A81420FD0DB
:1078A000E16A814212D0216B814215D0012084F817
:1078B0003D0016E00120207784F83E0011E000BF73
:1078C00002202077012084F83F000AE0042020777E
:1078D000012084F8400004E008202077012084F88B
:1078E00041002046FEF7F0FB0020207710BD00008D
:1078F000F0B5036A026A23F0020322F00102026279
:107900004268D0F818E08C6842F6FF36D1F800C023
:107910002343C5F2010642F6004442F60045B04258
:10792000C5F20104C4F201051EDCA8422AD043F2CC
:107930000047C4F20107B84224D044F20007C4F261
:107940000107B8421ED0B04224DCA84230D043F236
:107950000044C4F20104A0422AD044F20004C4F25C
:107960000104A04224D029E0A0420BD044F2000739
:10797000C5F20107B84205D043F20047C5F201073E
:10798000B842E0D1CF6823F00C0327F004073B4353
:10799000B042DADDA0420BD044F20004C5F201048B
:1079A000A04205D043F20044C5F20104A04205D133
:1079B000D1E9054522F4407222432A434FF68C74E4
:1079C000CFF6FE740EEA040747EA0C0742608761AF
:1079D000496841630362F0BDF0B5026A036A22F0B0
:1079E000200223F0100303624368D0F818C08C68AB
:1079F00042F6FF35D1F800E042EA0412C5F2010573
:107A000042F60044A842C4F2010419DCA04223D08B
:107A100043F20046C4F20106B0421DD0A84225DC64
:107A2000A04235D043F20044C4F20104A0422FD05A
:107A300044F20004C4F20104A04229D02FE000BFA8
:107A400043F20046C5F20106B04205D042F60046B8
:107A5000C5F20106B042E1D1CE686FF0400707EAF7
:107A6000061622F0C0023243A842D9DD42F6004495
:107A7000C5F20104A0420BD044F20004C5F2010497
:107A8000A04205D043F20044C5F20104A04206D151
:107A9000D1E9054523F440632C4343EA840348F6C7
:107AA000FF44CFF6FF640CEA040747EA0E27436061
:107AB0008761496881630262F0BD0000F0B5036A26
:107AC000026A23F4005322F4805202624268D0F822
:107AD0001CE08C6842F6FF35D1F800C043EA04335D
:107AE000C5F2010542F60044A842C4F2010419DCC3
:107AF000A04223D043F20046C4F20106B0421DD09A
:107B0000A84225DCA04235D043F20044C4F201046F
:107B1000A0422FD044F20004C4F20104A04229D0B4
:107B20002FE000BF43F20046C5F20106B04205D087
:107B300042F60046C5F20106B042E1D1CE6844F6F5
:107B4000FF77360323F44043BE433343A842D9DDD5
:107B500042F60044C5F20104A0420BD044F20004F6
:107B6000C5F20104A04205D043F20044C5F201046D
:107B7000A04206D1D1E9054522F440422C4342EA15
:107B8000841248F6FF44CFF6FF640EEA040747EA82
:107B90000C274260C761496801640362F0BD0000C0
:107BA000816A0A070CD4CA0715D18A071ED44A076E
:107BB00027D4CA0630D48A0639D44A0642D457E0BC
:107BC0000268D0F838C0536823F4004343EA0C033A
:107BD0005360CA07E9D00268D0F82CC0536823F478
:107BE000003343EA0C0353608A07E0D50268D0F8FB
:107BF00030C0536823F4803343EA0C0353604A07D0
:107C0000D7D50268D0F834C0536823F4802343EA00
:107C10000C035360CA06CED50268D0F83CC0936806
:107C200023F4805343EA0C0393608A06C5D50268A7
:107C3000D0F840C0936823F4005343EA0C039360E8
:107C40004A0615D5D0F800C0436CDCF80420B3F523
:107C5000801F22F4801242EA0302CCF8042007D1EC
:107C6000DCF80420836C22F4C0021A43CCF8042010
:107C7000090658BF70470168C06C4A6822F40022A8
:107C80001043486070470000B0B582B00446002041
:107C9000C4F89000FAF722FE216805460A68120728
:107CA00037D56FF07E4C20464FF4001100222B4652
:107CB000CDF800C000F0BCF950B300BF206850E818
:107CC000000F216820F0800041E80002DAB120684E
:107CD00050E8000F216820F0800041E8000292B1D6
:107CE000206850E8000F216820F0800041E8000281
:107CF0004AB1206850E8000F216820F0800041E878
:107D00000002002ADAD10320202188226BE000BF84
:107D10002168086840075DD56FF07E4C20464FF41F
:107D2000800100222B46CDF800C000F081F9002828
:107D300050D000BF206850E8000F216820F49070F8
:107D400041E80002BAB3206850E8000F216820F42F
:107D5000907041E8000272B3206850E8000F21687B
:107D600020F4907041E800022AB3206850E8000F28
:107D7000216820F4907041E80002002ADAD11AE06C
:107D8000206850E8020F216820F0010041E802025B
:107D9000DAB1206850E8020F216820F0010041E8C4
:107DA000020292B1206850E8020F216820F0010021
:107DB00041E802024AB1206850E8020F216820F031
:107DC000010041E80202002ADAD1032020218C229E
:107DD00009E000BF2020C4F88800C4F88C0000210E
:107DE00070220020E166A150002184F8841002B0C6
:107DF000B0BD000070B504462269D4E902130068E2
:107E000011436269E6690568114346F6F312CCF640
:107E1000FF722A4011433143016041684FF2FF4530
:107E200021F440511943416042F20041A26940F0FF
:107E30008053C5F200418B421CBF236A1A438368FA
:107E4000C1F2FF152B401A438260C26A636A22F0B6
:107E50000F021A4346F2FF33C4F200039842C26293
:107E60001ADC44F6FF31C4F20001884230DC44F2EF
:107E70000041C4F20001884250D044F60001C4F22F
:107E80000001884240F0CC8004200021FBF730FA4A
:107E9000B6F5004F67D048E042F2FF32C4F200422C
:107EA00090422BDC46F20041C4F20001884253D0DC
:107EB00043F60001C4F20101884240F0B180012084
:107EC0000021FBF715FAB6F5004F4CD02DE000BFAE
:107ED00044F60041C4F20001884263D045F200013B
:107EE000C4F20001884240F09B8010200021FBF783
:107EF000FFF9B6F5004F36D017E000BF42F200425E
:107F0000C4F20042904255D0884240F0898000205F
:107F10000021FBF7EDF9002852D177E00220002183
:107F2000FBF7E6F9B6F5004F1DD000286ED0616A68
:107F30004CF2AC72C0F6000232F811106268B0FB6D
:107F4000F1F000EB5200B0FBF2F04FF6EF72A0F14F
:107F5000100191425CD857E020200021FBF7C8F9BE
:107F6000B6F5004FE1D1002850D0616A4CF2AC72F6
:107F7000C0F6000232F811106268B0FBF1F051084F
:107F800001EB4000B0FBF2F04FF6EF72A0F11001F0
:107F900091423DD84FF6F071C0F3420208401044C0
:107FA00032E000BF08200021FBF7A2F9B6F5004F30
:107FB000BBD1D8E74FF480500021FBF799F928B3E3
:107FC000616A4CF2AC72C0F6000232F811106268BD
:107FD000B0FBF1F102EB420081424FF0010018D3F7
:107FE0001303994215D808020B0E10EB520043F10F
:107FF00000010023F8F7B6F94FF60052A0F54071E2
:10800000C0F20F02914203D22168C860002000E054
:1080100001204FF00111A1660021C4E91D1170BDBE
:1080200000200021FBF764F9B6F5004F9BD07CE7F8
:108030002DE9F041804600681546C2690E461140A0
:10804000891BB1FA81F14909A94223D1069C2CB3BD
:10805000611C29D1C1693140891BB1FA81F14909FB
:10806000A94217D1C1693140891BB1FA81F149098F
:10807000A9420FD1C1693140891BB1FA81F1490987
:10808000A94207D1C1693140891BB1FA81F149097F
:10809000A942DFD00020BDE8F08100BFFAF71EFC46
:1080A0000320BDE8F08100BF1F4607E0C0693040F3
:1080B000801BB0FA80F04009A842EBD1FAF70EFC21
:1080C000C01BA04284BF0320BDE8F081D8F80000A7
:1080D00001684907EAD5402E18BF802EE6D0C16955
:1080E000090700F1A180C1690905DFD54FF40061DE
:1080F0000162D8F8000050E8000FD8F8001020F412
:10810000907041E800020AB3D8F8000050E8000F70
:10811000D8F8001020F4907041E80002B2B1D8F80D
:10812000000050E8000FD8F8001020F4907041E8EB
:1081300000025AB1D8F8000050E8000FD8F800103B
:1081400020F4907041E80002002AD2D14FF6FE7070
:10815000CEF6FF70D8F8001051E8021FD8F80020C2
:10816000014042E80213F3B1D8F8001051E8021FB1
:10817000D8F80020014042E80213A3B1D8F800105B
:1081800051E8021FD8F80020014042E8021353B121
:10819000D8F8001051E8021FD8F80020014042E84A
:1081A0000213002BD6D1D8F86C0001282CD1D8F8B6
:1081B000000050E8000FD8F8001020F0100041E84F
:1081C00000020AB3D8F8000050E8000FD8F80010F9
:1081D00020F0100041E80002B2B1D8F8000050E8E9
:1081E000000FD8F8001020F0100041E800025AB14A
:1081F000D8F8000050E8000FD8F8001020F0100068
:1082000041E80002002AD2D120200021C8F88C00C9
:10821000C8F86C10C8F87410C8F89000032088F8EB
:108220008410BDE8F08100BF08210162D8F8000089
:1082300050E8000FD8F8001020F4907041E80002D8
:108240000AB3D8F8000050E8000FD8F8001020F466
:10825000907041E80002B2B1D8F8000050E8000F79
:10826000D8F8001020F4907041E800025AB1D8F814
:10827000000050E8000FD8F8001020F4907041E89A
:108280000002002AD2D14FF6FE70CEF6FF70D8F869
:10829000001051E8021FD8F80020014042E8021304
:1082A000F3B1D8F8001051E8021FD8F800200140BF
:1082B00042E80213A3B1D8F8001051E8021FD8F821
:1082C0000020014042E8021353B1D8F8001051E8F1
:1082D000021FD8F80020014042E80213002BD6D13B
:1082E000D8F86C0001282CD1D8F8000050E8000F15
:1082F000D8F8001020F0100041E800020AB3D8F8C6
:10830000000050E8000FD8F8001020F0100041E8FD
:108310000002B2B1D8F8000050E8000FD8F8001001
:1083200020F0100041E800025AB1D8F8000050E8EF
:10833000000FD8F8001020F0100041E80002002AD9
:10834000D2D12020C8F88C0000200821C8F86C0089
:10835000C8F87400C8F8901088F884000120BDE8BF
:10836000F0810000002804BF01207047016C21F05B
:1083700000410164016C41F001010164002141648C
:1083800000207047002000F063BE00000146806DB1
:1083900020F4004200208A65704700000146012059
:1083A0000864086C002220F001000864086C20F0CA
:1083B0000040086400204A64704700000146006CD9
:1083C0004BF6807220EA020200200A647047000027
:1083D000012909D000291CBF01207047016C21F040
:1083E0000041016400207047016C41F000410164CC
:1083F00000207047FEE700004FF0010C01233E2AE9
:1084000084BF1F234FF0050C134423FA0CF3C00064
:10841000DBB200EB810046F200413E2A88BF013BFF
:108420004FEA8322C4F201014FF4004C88BF4CEAAA
:108430008322435812049BB208BF4FF000421A44F3
:10844000425070472DE9F04140F28815C2F2000514
:108450006978FF291CD04CF2C47804460026C0F687
:10846000000800270DE000BF40462BD1C168204620
:10847000884769780137481CC0B2874206F1240654
:1084800006D2C8B28742EFD2A868D8B13044EDE72F
:1084900005F10C003721F8F763F84FF0FF30C5F80D
:1084A0002F00C5F82B00C5F82700C5F82300C5F834
:1084B0001F00C5F81B00C5F81700C5F81300BDE87C
:1084C000F08100BF4EF6F050CEF200000068C00709
:1084D00008BFBDE8F08100BEBDE8F0810878400625
:1084E00004D0002001210822FFF786BF4878052824
:1084F000F7D14888012161F3DF1046F24C01C4F244
:1085000001010860002001210822FFF775BF00006B
:1085100070B540F6686301F00F001022C2F200034C
:10852000082402EAD10203EB40104EB224EA1111F2
:1085300010440B1D0325807B46F2000C05FA03F363
:1085400006310125C4F2010C05FA01F15CF8202086
:10855000194448F68F7348F2800EC0F2FF7342EA66
:108560000E04194302F4C0622023B6F1FF3FC8BFD6
:108570004FF400532140B2F5806F18BF59404EF2BE
:108580000812CEF200024FF48063C2F88030BFF3CD
:108590004F8FBFF36F8F4CF82010BFF34F8FBFF397
:1085A0006F8F136070BD000080B54EF2081CCEF2D4
:1085B000000C4FF4806ECCF880E046F2040240F2EA
:1085C0006410BFF34F8FC4F201020023C2F2000017
:1085D0004FF6FF71BFF36F8F1360C0F80610536042
:1085E000C0F80A109360C0F80E10D360C0F81210E3
:1085F0001361C0F816105361C0F81A109361C0F8E7
:108600001E10BFF34F8FBFF36F8FCCF800E0C02177
:10861000018080BD2DE9F04F81B08D78C8780E467D
:108620008C8800F00301284600F084F9082819D24C
:1086300046F20008C4F2010858F8201047F2700210
:10864000CFF600026FB21140F27807F00F0602F089
:108650000302022A314411D0032A75D1824648F21E
:1086600080600EE04EF6F050CEF200000068C007C9
:1086700000D000BE002001B0BDE8F08F824648F275
:1086800080006FF3DF2441EA00090DF103010DF1D1
:10869000020220464FEAD51B02F0A8F840F264120D
:1086A000C2F200021188084483B21080B3F5006F53
:1086B000504609D94EF6F051CEF200010968C907BB
:1086C0004FF6FF7100D000BE08EBC0028BF0010333
:1086D00002EB83024FF6FF75D2F8003421F003015C
:1086E000AB4340F66865C2F2000505EB4616194437
:1086F00006EB0B13C2F8001420219C819873B7F18C
:10870000FF3FC8BF4FF400516FF0700281EA0901CA
:10871000002F48BF6FF4E04211404EF20812CEF233
:1087200000024FF48063C2F88030BFF34F8FBFF375
:108730006F8F48F82010BFF34F8FBFF36F8F136018
:10874000012001B0BDE8F08F4EF6F050CEF20000EF
:108750000068C0078ED000BE002001B0BDE8F08FD9
:1087600080B540F6686001F00F0C1022C2F20000E4
:1087700002EAD10300EB4C1049B21844807B46F268
:10878000000CC4F2010C5CF82030B1F1FF3F48F658
:10879000BF7148F2800EC0F2FF7143EA0E03C4BFFE
:1087A0004BF68F71C0F2FF7101EA0301C8BF4FF4AD
:1087B000805251404EF20812CEF200024FF4806314
:1087C000C2F88030BFF34F8FBFF36F8F4CF820108B
:1087D000BFF34F8FBFF36F8F136080BDF0B581B0D3
:1087E00040F6686601F00F001027C2F2000607EAA3
:1087F000D10706EB401649B2F019847BF2510022F2
:10880000B1F1FF3F42600381428137DD46F200064D
:10881000C4F2010656F82410858943F60F72AB4264
:1088200038BF1D4601F4C060C0F2FF72B0F5806F22
:1088300001EA020704D1204600212A46FFF7DCFDA9
:10884000204601212A46FFF7D7FD4EF20811CEF24D
:1088500000014FF480624BF28000C1F88020784024
:10886000BFF34F8FBFF36F8F46F82400BFF34F8FD6
:10887000BFF36F8F0A60012001B0F0BD214600F008
:10888000BFFD012001B0F0BDF0B581B040F66866D3
:1088900001F00F001027C2F2000607EAD10706EB2D
:1088A000401649B2F019847B0025B1F1FF3FF55124
:1088B00042600381458137DD46F20006C4F20106BD
:1088C00056F82410858943F60F72AB4238BF1D4617
:1088D00001F4C060C0F2FF72B0F5806F01EA0207D8
:1088E00004D1204600212A46FFF786FD20460121BB
:1088F0002A46FFF781FD4EF20811CEF200014FF437
:1089000080624BF28000C1F880207840BFF34F8F27
:10891000BFF36F8F46F82400BFF34F8FBFF36F8F05
:108920000A60012001B0F0BD214600F069FD012080
:1089300001B0F0BD70B540F26413C2F2000303EB66
:10894000D01600F00F02347901294FEAD01C0BD168
:10895000012686EAD01E7CB1D87801281ED19878ED
:1089600090421BD1002070BD34B3D878884231D1F9
:1089700098789042F6D02DE003EB0E00007968B9AC
:108980009878FF2818BF904208D1DC789E1C012CF3
:108990004FF0000018BFFF2C00F0A48103EB0C0582
:1089A000287A28B3D879012834D19879904204BF25
:1089B000012070BD2EE000BF9878FF2818BF9042BC
:1089C00008D1DD789E1CFF2D4FF0000018BF8D42AE
:1089D00000F0888103EB0C05287A002844D0D87970
:1089E00088424FD19879904204BF012070BD49E080
:1089F00003EB0E00007A68B99879FF2818BF9042FF
:108A000008D1DC799E1D012C4FF0010018BFFF2C0E
:108A100000F06881287B48B1D87A012819D1987A6A
:108A2000904204BF022070BD13E000BF03EB0E00B4
:108A3000007B70B9987AFF2818BF904209D1DC7A80
:108A400003F10A06012C4FF0020018BFFF2C00F0C2
:108A50004981287C10B3D87B012832D1987B904281
:108A600004BF032070BD2CE09879FF2818BF904206
:108A700008D1DC799E1DFF2C4FF0010018BF8C42FD
:108A800000F03081287B002844D0D87A884250D129
:108A9000987A904204BF022070BD4AE003EB0E00BA
:108AA000007C70B9987BFF2818BF904209D1DC7B0D
:108AB00003F10E06012C4FF0030018BFFF2C00F04D
:108AC0001181287D40B1D87C012818D1987C904232
:108AD00004BF042070BD12E003EB0E00007D70B9EE
:108AE000987CFF2818BF904209D1DC7C03F1120664
:108AF000012C4FF0040018BFFF2C00F0F380287EFB
:108B000020B3D87D012834D1987D904204BF052040
:108B100070BD2EE0987AFF2818BF904209D1DC7A08
:108B200003F10A06FF2C4FF0020018BF8C4200F040
:108B3000D980287C00285FD0D87B88426AD1987B76
:108B4000904204BF032070BD64E000BF03EB0E0041
:108B5000007E70B9987DFF2818BF904209D1DC7D56
:108B600003F11606012C4FF0050018BFFF2C00F092
:108B7000B980287F40B1D87E012818D1987E9042D4
:108B800004BF062070BD12E003EB0E00007F70B939
:108B9000987EFF2818BF904209D1DC7E03F11A06A7
:108BA000012C4FF0060018BFFF2C00F09B8095F8B9
:108BB000200048B1D87F012840F09C80987F9042E7
:108BC00004BF072070BD95E003EB0E0090F8200075
:108BD000002840F08F80987FFF2818BF904240F017
:108BE0008980DD7F03F11E06012D4FF0070079D04B
:108BF000FF2D77D07EE000BF987BFF2818BF904202
:108C000008D1DC7B03F10E06FF2C4FF0030018BFE8
:108C10008C4267D0287D48B1D87C884214D1987C9A
:108C2000904204BF042070BD0EE000BF987CFF2876
:108C300018BF904208D1DC7C03F11206FF2C4FF0E4
:108C4000040018BF8C424DD0287E48B1D87D8842A0
:108C500014D1987D904204BF052070BD0EE000BF86
:108C6000987DFF2818BF904208D1DC7D03F11606DD
:108C7000FF2C4FF0050018BF8C4233D0287F48B13D
:108C8000D87E884214D1987E904204BF062070BDE1
:108C90000EE000BF987EFF2818BF904208D1DC7E0E
:108CA00003F11A06FF2C4FF0060018BF8C4219D0B2
:108CB00095F8200040B1D87F88421BD1987F904220
:108CC00004BF072070BD15E0987FFF2818BF9042B1
:108CD00010D1DD7F03F11E06FF2D4FF0070018BFF6
:108CE0008D4207D106EB0C0371700121327099702F
:108CF00070BD00BF4EF6F050CEF200000068C00715
:108D00003FF430AE00BE002070BD00002DE9F043FE
:108D100083B00546407888460238052800F20B816A
:108D2000DFE800F0042E16220E8400BF40F2881007
:108D3000C2F2000000210173417301748173FAE0F3
:108D400040F28810C2F20000017801310170F2E0B7
:108D500040F28810C2F20000017B002900F023815C
:108D600001218173E7E000BF40F28810C2F20000E9
:108D7000017B002900F0178100218173DBE000BF37
:108D800040F28819C2F2000999F80100FF2823D0A7
:108D90004CF2C4740026C0F60004002707E000BFB0
:108DA000411C0137C9B28F4206F1240614D2C1B268
:108DB0008F4205D2D9F808100029F1D0314401E0E2
:108DC0002146EDD10A6A002AEAD0287869689047DE
:108DD00099F80100E4E700BF99F80E0000285ED082
:108DE000002089F80E002978D9F804408DF8001089
:108DF0000521B8F1000F8DF801100290019033D0D9
:108E000040F20800C2F20000028904F1080069463D
:108E1000002302F0D1F90646CEB39DF800009DF87C
:108E20000110424602F0C4FD39E000BF297911F07B
:108E30000F0000F0808040F28813C2F2000303EBC1
:108E400040005F7800EBD11292F82320974251D96D
:108E50009B68002B6FD002EBC20203EB8202D36946
:108E6000002B4ED167E000BF40F20806C2F20006B8
:108E700071688847328904F108006946002302F0CE
:108E80009BF97168064601208847002EC5D14EF631
:108E9000F050CEF200000068C00700D000BE99F884
:108EA0001200C00700F07F802878D9F804408DF8C0
:108EB000000003208DF801006868B8F1000F0190F0
:108EC00078D040F20800C2F20000028904F10800E4
:108ED0006946002302F070F90546002D00F07F80FE
:108EE0009DF800009DF80110424602F061FD03B0BC
:108EF000BDE8F0831FD14CF2C472C0F60002D36902
:108F0000CBB1CB09C41814F8330F00F0FE00207069
:108F1000207800F0FB002070D76928786A79AB6868
:108F2000B84700283FD1207840F001002070207819
:108F300040F00400207040F28810C2F20000446843
:108F4000B8F1000F14D040F20800C2F2000002890C
:108F500004F108002946002302F02EF90646DEB18E
:108F600028786978424603B0BDE8F04302F020BD9E
:108F700040F20806C2F20006716800208847328974
:108F800004F108002946002302F016F9716806462C
:108F900001208847002EE3D14EF6F050CEF20000BB
:108FA0000068C00702D103B0BDE8F08300BE03B083
:108FB000BDE8F08340F20805C2F2000569680020B0
:108FC00088472A8904F108006946002302F0F4F872
:108FD0006968054601208847002D7FF481AF4EF671
:108FE000F050CEF200000068C007DCD000BE03B035
:108FF000BDE8F08310B500F06BFA46F24004C4F20D
:10900000010400202060206840F45D40206000F0F2
:10901000AFFAA06940F400410120A16110BD000039
:109020004EF28810CEF200004FF480610160BFF371
:109030004F8FBFF36F8F7047BFF34F8F4EF2081003
:10904000BFF36F8FCEF200004FF480610160704774
:109050002DE9F04F89B046F24005C4F201056C6875
:10906000A0050ED56FF400706860A8684FF44071D9
:109070006FF3DF20ADF81810079006A80121FFF765
:1090800045FE60050AD4E0041CD420052FD4E00579
:1090900042D401946868000453D563E06FF48060A3
:1090A000686000F065FA4FF48070ADF81800002099
:1090B0008DF81C0006A80121FFF728FE09B0BDE8C5
:1090C000F08F00BF2868012120F004002860286884
:1090D00020F0080028606FF4805068604FF4A060B2
:1090E000ADF8180006A8FFF711FE2005CFD52868B7
:1090F000012140F008002860286840F00400286042
:109100006FF4006068604FF48060ADF8180006A846
:10911000FFF7FCFDE005BCD540F6D010C2F2000020
:10912000017839B1012903D12A6822F010022A609E
:10913000013901706FF48070686001946868000400
:1091400010D4019840040AD54EF6F050CEF200003B
:109150000068C00700D000BE6FF48040686009B0AE
:10916000BDE8F08F40F60F79A5F140044FF01408E8
:1091700005F57070C0F2FF79029012E001F18000F5
:109180004FF4E0618DF81C000020ADF818108DF848
:109190001D0006A801210892FFF7B8FD68680004C9
:1091A000CFD5686800F00F0654F826A05FEA0A40A1
:1091B00040F1D480CDF80C800398A0B10398013819
:1091C0000390039878B1039801380390039850B145
:1091D000039801380390039828B10398013803904D
:1091E00003980028EAD15FEA0A502FD454F82600E9
:1091F00040F6686700EA090040F0800044F8260065
:1092000054F826B0029B0BF48C4003EBC6010BF024
:109210000F09B0F58840C2F2000718BF012051F8CD
:10922000202007EB491851F82010D8F8040089B223
:10923000C2F30947002819443CD0002207920422B7
:1092400006923A4606AB01F0B7FF3EE0029A0023D1
:1092500002EBC60041684068C1F3094780B204A927
:1092600010443A4602F0E6F954F82600082F00EAC6
:10927000090040F0800044F826000DD14FF4C06092
:10928000ADF81800DDE90410CDE9071006A80121AA
:10929000FFF73CFD62E000BF4EF6F050CEF200005A
:1092A0000068C00700D000BE002001210822FFF79F
:1092B000A3F853E0D8F80000B8F80A2000230244CD
:1092C000084611463A4602F0B5F9B8F80A00B8F86F
:1092D0000C2038449742A8F80A0023D3B8F80810A5
:1092E00083B299421ED90BF4C063B3F5806F08D0E6
:1092F000081A80B20121904238BF02463046FFF77B
:109300007BF840F60F79C0F2FF7909F5405000EA8A
:109310000B004BF2800148404FF0140844F826003F
:109320001CE000BF30460121FFF766F8B8F80A00DC
:109330004FF4E061ADF818100890002706A801214D
:109340008DF81C908DF81D70FFF7E0FC40F60F794A
:10935000C8F808704FF01408C0F2FF795FEA0A609D
:109360007FF51CAF54F8260000EA090040F40040E5
:1093700044F8260054F8262040F6686002F00F01F9
:10938000C2F2000000EB411002F4C063B3F5806F3D
:1093900000F1100012D1C37B002B3FF4FFAE01237C
:1093A00023EA921205EBC60303EB82020023C37388
:1093B000D2F8C0336FF31943C2F8C033028943892E
:1093C0009A423FF4DBAE314600F01AF8E6E60000C0
:1093D00040F66860C2F20000002240F8102F817B46
:1093E0004260826000F00CB846F24000C4F2010016
:1093F000026822F4007261F34922026070470000A3
:109400002DE9F04782B0054600896A898A4646F20E
:109410000041C4F20101801AA1F5806880B2AE89D2
:1094200058F82A70B04238BF064607F4C0690020D9
:10943000B9F5806F08BFC7F380104FEACA0343EA4B
:109440008000435844189BB2686819444FF00003E9
:1094500040B10422019300926B46324601F08EFE29
:1094600007E000BF2868024408461146324602F071
:1094700037F96889B9F5806F3044688120686FF3E7
:109480009F266FF3194040EA064048F2B001206081
:1094900004BF0120E87340F63F70C0F2FF7038400F
:1094A00048404EF20811CEF200014FF48062C1F83C
:1094B0008020BFF34F8FBFF36F8F48F82A00BFF3B0
:1094C0004F8FBFF36F8F0A6002B0BDE8F0870000D6
:1094D00082B046F24000C4F2010003210160002185
:1094E0000191019AC72A1BD800BF019A013201924B
:1094F000019AC72A14D800BF019A01320192019A39
:10950000C72A0DD800BF019A01320192019AC72AD9
:1095100006D800BF019A01320192019AC82AE3D30A
:10952000026822F00202026000910099C7291BD84C
:1095300000BF0099013100910099C72914D800BFDC
:109540000099013100910099C7290DD800BF0099F9
:10955000013100910099C72906D800BF0099013157
:1095600000910099C829E3D30021416002B07047FF
:109570002DE9F04182B046F2000440F264154FF646
:10958000FF70C4F201040027C2F20005E764C5F8C9
:109590000200C5F80600C5F80A00C5F80E00C5F8B7
:1095A0001200C5F81600C5F81A00C5F81E004026BE
:1095B0004EF6F05800200021CEF200082E80FFF772
:1095C000B9F980200021FFF7B5F940F66860C2F2D2
:1095D000000086818773868387770DF1050101AAD4
:1095E000402001F003F92F88384481B22880B1F57A
:1095F000006F06D9D8F800004FF6FF77C00700D0FB
:1096000000BE0DF107010DF10602402001F0EEF859
:109610002988084482B22880B2F5006F06D9D8F8AC
:109620000000C00700D000BE4FF6FF7146F20440B4
:10963000C4F2010002684FF6FF739A4327F0030358
:109640001A440260D4F8000421F003016FF30F0004
:109650000844C4F80004206847F27001CFF6000106
:10966000084042F2202180EA010500200121082261
:10967000FEF7C2FE80202560E06402B0BDE8F08104
:10968000F0B040F68C4740F6000A43F20009C4F2FD
:109690000247C4F2022AC4F20109F9F733F9FDF7CF
:1096A000E1FE00262A96CDE92866CDE926663868CF
:1096B0004FF4007140F0040038603868012200F077
:1096C00004000C900C9838684FF4007440F00100CE
:1096D000386038684FF0010800F001000C900C98D9
:1096E000386840F002003860386800F002000C90E2
:1096F0000C985046F9F7ECF8CDE9264826AC5046D0
:109700002146CDE92866F9F71FF810255046214675
:10971000CDE926562896F9F717F857F8040C0021DA
:1097200040F0010047F8040C57F8040C002200F048
:109730000100269026981B20F9F772F91B20F9F7F3
:109740005DF91C2000210022F9F76AF91C20F9F7C5
:1097500055F940F6A8044FF48000C2F200044FF01F
:109760008062C4E9009004F118004FF0A0434CC09F
:109770004FF080400721C4E90D062046C4E902618C
:10978000C4E90466C4E90966E162E663C4E91266F5
:10979000C4E91466C4E916662666FBF78FFD18B1A6
:1097A00072B600BFFEE700BF40F2CC300AF5F041D0
:1097B000C2F20000C0E9001600F108014FF0040BEE
:1097C00081E860090821C1614FF4B46100F1280308
:1097D000CDE92C66CDE92A66CDE92866CDE9266675
:1097E000068380F820604FF4806280F8348046C39E
:1097F000866380F83C60F7F7A7FB18B172B600BF2C
:10980000FEE700BF01202690062027900320289025
:109810007F20CDE9290B00202B9040F2CC30C2F202
:10982000000026A9F7F79EF910B172B6FEE700BF57
:109830000220C0F2304026900C20279040F2CC301D
:10984000C2F2000026A9F7F78DF918B172B600BF71
:10985000FEE700BF2020C1F2F040269012202790A2
:1098600040F2CC30C2F2000026A9F7F77BF918B11C
:1098700072B600BFFEE700BF40F20010C2F28010D7
:1098800026901820279040F2CC30C2F2000026A982
:10989000F7F768F910B172B6FEE700BF40F200209A
:1098A000C2F2B05026904FF48070279040F2CC3036
:1098B000C2F2000026A9F7F755F918B172B600BF39
:1098C000FEE700BF40F20040C2F6002026904FF4B1
:1098D0008370279040F2CC30C2F2000026A9F7F73F
:1098E00041F918B172B600BFFEE700BF40F60000B4
:1098F000C2F6306026904FF48670279040F2CC304C
:10990000C2F2000026A9F7F72DF918B172B600BF10
:10991000FEE700BF41F20000C3F2602026904FF442
:109920008970279040F2CC30C2F2000026A9F7F7E8
:1099300019F918B172B600BFFEE700BF40F68410F7
:109940000025A9F59031C2F2000040F2E7332795D7
:10995000F92280E82600C3608561FCF7CFFA08B1E0
:1099600072B6FEE72020269040F684100DF198088C
:10997000C2F2000041462895FCF7F6F910B172B624
:10998000FEE700BF40F2C45009F54051C2F20000AA
:1099900001600821022600250171C6714672C0F8D7
:1099A0000A50C0F80D50F9F789F808B172B6FEE711
:1099B0005F95CDE95D55CDE95B5538685BA940F011
:1099C00001003860386800F00100269026984FF4B6
:1099D000C050CDE95B0603205E900A205F90AAF597
:1099E0000060F8F7B1FEF9F7C5F908F10800C821E1
:1099F000F6F7B6FD1020CDE92650302057904046AE
:109A0000FAF7CCF910B172B6FEE700BFB8690521CC
:109A100040F08070B861B869002200F080700C904E
:109A20000C984A200025F8F7FBFF4A20F8F7E6FFDC
:109A30003869202640F080703861386900F0807005
:109A40000C900C984FF00050CDE921054BF67F307B
:109A500023902220249020A820952596F9F794F9A8
:109A60000DF1300808F104004C21F6F779FD4FF4B0
:109A70008050159040460C96FBF7FEF80020002120
:109A800002F03EFC6420F8F709FE4FF480004FF02E
:109A90008062C4E9009004F118004FF0A0432CC08C
:109AA0004FF080400721C4E90D052046C4E902516A
:109AB000C4E90455C4E90955E162E563C4E91255F6
:109AC000C4E91455C4E916552566FBF7F7FB08B140
:109AD00072B6FEE7FDF79AF840F63810A9F5963110
:109AE000C2F2000027226895CDE96555CDE963559E
:109AF000C0E90015C0E9025205618561FCF79AFCD6
:109B000010B172B6FEE700BF40F638100024C2F272
:109B1000000067A967946994FCF726F910B172B642
:109B2000FEE700BF6020CDE9600440F63810C2F2C5
:109B3000000060A9002262946494FCF7F7FA08B16F
:109B400072B6FEE740F63810C2F20000FCF7BEFA2B
:109B500000246F94CDE96D44CDE96B443868402111
:109B600040F0040038603868002200F004006A9079
:109B70006A9850464025F8F7ABFE0120CDE96C0409
:109B80006BA950466B956E94F8F7DEFD5046402168
:109B90000022F8F79DFE40F68410C2F20000FCF7A8
:109BA000F7F908B172B6FEE740F2A000C2F2000079
:109BB00000F1100140F2CC30C2F200000822F7F7A9
:109BC00097FB08B172B6FEE740F2A000C2F20000B7
:109BD000403030210090F6F7C3FCFDF7BDFA08B124
:109BE00072B6FEE7002001210024F6F769FE40F27C
:109BF000A0014FF4E130C2F2000141F8300F002023
:109C0000C1E901448C81F6F7FDFD08B172B6FEE7AB
:109C10000020CDE96200CDE96000FDF735F90A903A
:109C20004FF0000B0020099001900DE00FFA8BF02F
:109C3000B0F1FF3F40F3768440F22800C2F200000A
:109C4000A0F800B0FDF788FA4FF0FF30002102F0D5
:109C500023F8F8F743FE0A990B9079B901980B990C
:109C6000081AB0F57A7F07D3FCF7D0FFFDF70CF99F
:109C70000A900B98019001E000200A90F8F72EFE60
:109C800040F2A001C2F200014968411A082980F09F
:109C900079810A98002800F0CD810B980999401A23
:109CA0000228C0F0C78114200021FDF723F900200D
:109CB000FE21FDF71FF900206B906B9880087C282F
:109CC0001FD800BF6B9801306B906B9880087C2880
:109CD00017D800BF6B9801306B906B9880087C2878
:109CE0000FD800BF6B9801306B906B9880087C2870
:109CF00007D800BF6B9801306B906B98B0F5FA7F76
:109D0000DFD31320FDF7C6F807460020FD21FDF73D
:109D1000F1F800206B906B9880087C281FD800BF5A
:109D20006B9801306B906B9880087C2817D800BF27
:109D30006B9801306B906B9880087C280FD800BF1F
:109D40006B9801306B906B9880087C2807D800BF17
:109D50006B9801306B906B98B0F5FA7FDFD31320CE
:109D6000FDF798F806460020FB21FDF7C3F8002018
:109D70006B906B9880087C281FD800BF6B980130CF
:109D80006B906B9880087C2817D800BF6B980130C7
:109D90006B906B9880087C280FD800BF6B980130BF
:109DA0006B906B9880087C2807D800BF6B980130B7
:109DB0006B906B98B0F5FA7FDFD31320FDF76AF84C
:109DC00005460020F721FDF795F800206B906B9871
:109DD00080087C281FD800BF6B9801306B906B986F
:109DE00080087C2817D800BF6B9801306B906B9867
:109DF00080087C280FD800BF6B9801306B906B985F
:109E000080087C2807D800BF6B9801306B906B9856
:109E1000B0F5FA7FDFD30F2424EA05004FF00409E0
:109E2000089029EA0500099024EA060029EA0608B4
:109E300007904FEAC8100690F84324EA070141EA68
:109E4000C00029EA070200F0110040EA8210012751
:109E5000082928BF00F5805027EA060140EA4100A2
:109E60004FF0020A029027EA050005902AEA050051
:109E700004901320FDF70EF827EA000184430391B4
:109E80002AEA000729EA00090020FF210025FDF742
:109E900031F802992AEA060041EA00100699079A69
:109EA00001F50051082A38BF4FEAC8110843089944
:109EB000082928BF40F480400599082C40EA810019
:109EC000049940EA4110099940EA012028BF40F472
:109ED0000040039940EAC10040EA871040EA492661
:109EE00007E000BF60A8002141550135102D00F0AA
:109EF0009F800120A84000EA0B0310EA0601B3FA94
:109F000083F30A464FEA531318BF01229A42E9D15C
:109F100060AA525D072A04D802F1010260AB5A55CB
:109F2000E3D180B205F13C04002960A94FF00002A2
:109F30004A550FD04BEA000B01F01CFE0028D4D08C
:109F400090208DF8AC017F208DF8AE0100208DF8B7
:109F5000AD4110E04FF6FF7148400BEA000B01F0F5
:109F600009FE0028C1D080208DF8AC0100208DF8BA
:109F7000AD418DF8AE0100216BAA032301F01AFD5B
:109F8000B3E700BF40F2A001C2F200010025486023
:109F900005E000BF37760135082D3FF47AAE40F278
:109FA000A000C2F200004619307C317E4708F52837
:109FB00088BF7F270A2838BF0027781A01B280EAB5
:109FC000E130A0EBE13080B2022805D8002086F80D
:109FD000207086F82800DEE707280DD896F82000C4
:109FE000874223D196F8280002280AD800F1010000
:109FF00086F82800CFD104E0032086F8207086F888
:10A00000280001F0B7FD0028C4D0B0208DF8AC01C5
:10A0100045F010008DF8AD01002000216BAA03234C
:10A020008DF8AE7101F0C6FCB4E700BF0120CEE7A9
:10A030000B98099040F2A000C2F2000000780028BE
:10A040007FF402AE40F2A000C2F20000806830B996
:10A0500040F2A0000B99C2F2000081600846BBF1FB
:10A06000000F4DD040F22800C2F20000008840F2FC
:10A07000A0010B9AC2F2000158454FF000008A601F
:10A0800048703FF4E1AD00983021F6F769FA5FEAD5
:10A09000CB7051D15FEA8B7058D45FEA4B7063D4B8
:10A0A0005FEA0B706ED45FEACB607AD45FEA8B60B4
:10A0B00000F186805FEA4B6000F191805FEA0B60FF
:10A0C00000F19C805FEACB5000F1A7805FEA8B50E3
:10A0D00000F1B2805FEA4B5000F1BD805FEA0B50A7
:10A0E00000F1C8805FEACB4000F1D2805FEA8B408C
:10A0F00000F1DC805FEA4B407FF598ADE4E000BF03
:10A1000040F22801C2F200010988002900F0E8802D
:10A1100040F2A0000B99C2F2000081600021417062
:10A1200040F22800C2F20000018000983021F6F7CA
:10A1300017FAFDF711F887E540F2A000C2F200001F
:10A14000282180F840105FEA8B70A6D540F2A0006D
:10A15000C2F200004FF4E461A0F84310002180F83F
:10A1600045105FEA4B709BD540F2A000C2F20000A0
:10A1700040F61871A0F84610002180F848105FEAF8
:10A180000B7090D540F2A000C2F2000041F21161C4
:10A19000A0F84910002180F84B105FEACB607FF5F2
:10A1A00085AF40F2A000C2F2000041F60961A0F8BC
:10A1B0004C10002180F84E105FEA8B607FF57AAF7B
:10A1C00040F2A000C2F2000042F20251A0F84F108B
:10A1D000002180F851105FEA4B607FF56FAF40F2CD
:10A1E000A000C2F200004FF40851A0F8521005215F
:10A1F00080F854105FEA0B607FF564AF40F2A00076
:10A20000C2F200004FF4D851A0F855100C2180F88C
:10A2100057105FEACB507FF559AF40F2A000C2F271
:10A2200000004FF49851A0F85810142180F85A10EB
:10A230005FEA8B507FF54EAF40F2A000C2F2000003
:10A240004FF44061A0F85B101B2180F85D105FEABD
:10A250004B507FF543AF40F2A000C2F200004FF434
:10A260008061A0F85E10232180F860105FEA0B5037
:10A270007FF538AF40F2A000C2F200000221A0F842
:10A280006110252180F863105FEACB407FF52EAF87
:10A2900040F2A000C2F200000A21A0F864101D21C3
:10A2A00080F866105FEA8B407FF524AF40F2A00093
:10A2B000C2F200001121A0F86710162180F8691081
:10A2C0005FEA4B407FF5B2AC40F2A000C2F2000062
:10A2D0001921A0F86A100E2180F86C10A6E400BFC6
:10A2E0000B99081A40F6B8318842FFF4ADAC40F241
:10A2F000A000C2F200004078012809D140F2A0007D
:10A30000C2F20000C0680B99081A3228FFF49CAC16
:10A3100040F2A000C2F200008078002700F11C0C7F
:10A3200000F1380E00F1540A24E000BFC943C9B25D
:10A3300001EB4105002185F0FF02C2EBC20240F2B1
:10A340000424C1EBC101C5EBC503C0F2020402FB4A
:10A3500004F201FB04F103FB04F30437D20DC90D31
:10A36000DB0D102F86F8492086F84A1086F84B300E
:10A3700000F0E480C7F3850101EBC10500EB450166
:10A38000CAB2AB2A08D3C943C9B201EB41060024C3
:10A3900086F0FF0114E000BF562A09D36FF0550282
:10A3A000511AC9B201EB4104002184F0FF0607E015
:10A3B000C1F15501C9B201EB4101002681F0FF0452
:10A3C000C1EBC10140F20423C4EBC402C6EBC604D6
:10A3D000C0F2020301FB03F102FB03F204FB03F4EE
:10A3E00007EB470640F2A003C2F20003C90D1E446A
:10A3F00086F840100CEB4501D20D86F84120CAB218
:10A40000E40DAA2A86F8424008D9C943C9B201EB33
:10A410004104002184F0FF0214E000BF552A09D94D
:10A420006FF05502511AC9B201EB4101002281F0CF
:10A43000FF0407E0C1F15501C9B201EB410200245C
:10A4400082F0FF0140F20423C1EBC101C2EBC20262
:10A45000C0F20203C4EBC40401FB03F102FB03F2EC
:10A4600004FB03F4CB0D0EEB4501D20D86F843201F
:10A47000CAB2E40DAA2A86F8443086F8454007D9C6
:10A48000C943C9B201EB4104002184F0FF0213E08B
:10A49000552A09D96FF05502511AC9B201EB410191
:10A4A000002281F0FF0407E0C1F15501C9B201EBC0
:10A4B0004102002482F0FF0140F20429C1EBC101F6
:10A4C000C2EBC202C0F2020901FB09F102FB09F270
:10A4D000C4EBC403CC0D0AEB4501D20D03FB09F319
:10A4E00086F84620CAB2DB0DAA2A86F8474086F8CD
:10A4F00048303FF61BAF552A0AD96FF05502511A62
:10A50000C9B201EB4101002281F0FF0515E700BF50
:10A51000C1F15501C9B201EB4102002582F0FF01F2
:10A520000BE700BF40F2A000C2F200002021A0F81B
:10A530006D10072180F86F10FFF77EBB40F2A0017D
:10A540000430C2F2000188700B98C8600120487086
:10A55000FCF702FEFFF778BB002070470120704730
:10A5600070B584B040F24824C2F200042046C021F5
:10A57000F5F7F6FF402604F140000025CDE900067E
:10A5800004F12800002100220023029500F0B6FA11
:10A5900004F1800104F11000CDE900160021012230
:10A5A0000023029500F0AAFA04B070BD2DE9F04F27
:10A5B00081B04B798E18012B0F4615D18B790F4640
:10A5C000012B11D1CB790F4673B90B78934201EB74
:10A5D000030709D23A783A44B24205D87B78242B53
:10A5E00002D1B2421746F5D37A78042A07D17A7994
:10A5F000012A04D1BA79032A01D1FA7922B10020C3
:10A6000080B201B0BDE8F08F40F24828C2F20008E5
:10A6100098F82A2098F81230002A18BF0122002B3F
:10A6200018BF01231A40012A0CD14EF6F050CEF289
:10A6300000000068C007E2D000BE002080B201B078
:10A64000BDE8F08FBB7888F8000088F801303A79CF
:10A650003B78002A07EB030454D0B44252D24FF0A7
:10A6600000091CE0A18888F8120040206FF3DF2168
:10A67000A8F8160008F11C0088F810A0A8F814101B
:10A6800000F092FB20783A79235C044409F1010937
:10A690005946504691451C4438BFB44232D22378C3
:10A6A000E518B5422ED86578052DF3D18B462146A5
:10A6B000824601F079FF58B394F90200B0F1FF3FF0
:10A6C000D0DD4546A18805F828AF6FF3DF21A870DB
:10A6D00005F10C00A980E98000F066FB284600F037
:10A6E0002BFA0028CED14EF6F050CEF200000068D2
:10A6F000C0073FF484AF00BE002080B201B0BDE8C7
:10A70000F08F00BF601A80B201B0BDE8F08F00BFCB
:10A710004EF6F050CEF200000068C0073FF46FAF75
:10A7200000BE002080B201B0BDE8F08FB0B540F2AD
:10A730004824C2F20004002504F13400C4E90055A5
:10A74000C4E9025500F030FB04F11C0084F82A50E3
:10A7500000F02AFBA574B0BDF0B581B040F24827E7
:10A76000C2F2000797F82A00BC7C451A18BF0125E1
:10A77000661A18BF01262E40012E0BD14EF6F0505E
:10A78000CEF200000068C00700D000BE002001B07B
:10A79000F0BD00BF884213D152B9396B29B19AB2CA
:10A7A00007F13400002300F007FD002001F0DEF97E
:10A7B00007F1280000F0C0F9012001B0F0BD00BF92
:10A7C000002A4FF0000008BF8C4201D001B0F0BD5C
:10A7D00007F1100528461C4600F046FA0028EBD188
:10A7E0002846214600F0A0FAE6E7000080B54FF0C9
:10A7F000000C01234FF0010E3E2888BF4FF0010CE2
:10A8000084BF4FF01F0E0523704420FA03FE5FFA49
:10A810008EF0984081F800C082F800E080BD000012
:10A82000B0B54A880C464FF0FF3101EB12210E29DA
:10A830001BD80546DFE801F00822141919323E1929
:10A840001919191919191C0001F034F800283FD002
:10A850000246284621461223BDE8B04000F0ACBFB6
:10A86000A188D0B201F030F8E0B90020B0BD00BF3F
:10A8700001F018F80028F8D0024621E0D0B201F02B
:10A8800013F80246E0B94EF6F050CEF20000006830
:10A89000C007EAD000BE0020B0BD00BF01F010F834
:10A8A0000028E2D00378024628462146BDE8B040A1
:10A8B00000F082BFD0B201F005F802460028D4D0E3
:10A8C000538828462146BDE8B04000F075BF00BF60
:10A8D0004EF6F050CEF200000068C007C5D0002050
:10A8E00000BEB0BD2DE9F04F83B08346481EC0B214
:10A8F00000F0DAFFE0B14178022919D140F2881A5C
:10A90000C179C2F2000A9AF80F20C1F3801102F057
:10A91000FE0211448AF80F1041880A2970D34CF2C4
:10A92000C47900EB010800F10905C0F6000912E046
:10A930004EF6F050CEF200000068C00700D000BE16
:10A94000002003B0BDE8F08F0B29054666D14545D0
:10A950004FF00100F5D228782844404550D8697856
:10A960000429F1D19AF80100FF2825D0A8EB0501B0
:10A970008EB20024002700BFC0B2874206D2DAF8A8
:10A980000800002840D0204402E000BF48463BD1E8
:10A9900003695846294632469847092828BF864207
:10A9A0000ED29AF801000137411CC9B28F4204F15E
:10A9B0002404E1D315E000BF0027FF2011E000BF11
:10A9C000FBB20AF123010AF11302064618461023CE
:10A9D0003446CDE9005600F035F848B39AF8010046
:10A9E00025440130C0B2F9B28142B0D34EF6F050E6
:10A9F000CEF200000068C007A2D000BEA0E700BFF2
:10AA0000012003B0BDE8F08F4EF6F050CEF200000A
:10AA10000068C0073FF494AF00BE91E74EF6F050D7
:10AA2000CEF200000068C0073FF48AAF00BE87E79F
:10AA30004EF6F050CEF200000068C0073FF480AF41
:10AA400000BE7DE7B0B5059C44B3DDF810C00CEB4B
:10AA5000040E05E020709CF80040A444F4451DD28B
:10AA60009CF800406444744518D89CF80140042CBC
:10AA70000AD0052CEFD19CF8024004F00F0501EB41
:10AA8000450505EBD414E5E79CF80340002CE2D122
:10AA90009CF802409C4203D21444DBE70120B0BD85
:10AAA0004EF6F050CEF200000068C00704BF002050
:10AAB000B0BD002000BEB0BD0178C9070ED101783D
:10AAC00049070BD40178C90708D10178490705D493
:10AAD000017841F0040101700120704700207047A7
:10AAE0000178490708D50178C90705D1017801F037
:10AAF000FB010170012070470020704770B58C4643
:10AB0000DDE9041200298E46144618BF4FF0010EED
:10AB1000002A18BF012404EA0E04012C09D180F890
:10AB200001C000F10C0C069D0646604600F040F99D
:10AB3000B560204670BD00000246808AD18A138A23
:10AB4000401A48BF00EB430080B2191A93884FF0B7
:10AB5000000038BF0146994206D39178002908BF0A
:10AB60007047507810B10020704700BF10B582B018
:10AB70001078144601F0EAFC00284FF0000042D0A3
:10AB8000A18AE28A2346891A248A48BF01EB44013C
:10AB900089B2621A998828BF1046884206D258782E
:10ABA00080BB1878997801F021FD2BE049420840DC
:10ABB00080B2DC885978A04238BF0446D1B99A687F
:10ABC0001878997852B14FF0000C2346002C08BF3A
:10ABD0002246CDF800C001F037FD08E003F10C0279
:10ABE0004FF0000C2346CDF800C001F073FD014684
:10ABF000204641B94EF6F050CEF200000068C00782
:10AC000000D000BE002002B010BD0000002A04BF2A
:10AC100000207047B0B592B204460C30002300F01B
:10AC2000CBFAA28AE38A218AD21A48BF02EB4102F8
:10AC300093B2A2888B4228BF0B46934202D2914224
:10AC400028BFB0BD0546204600F00EF82846B0BD2E
:10AC5000818AC28A008A891A48BF01EB400189B201
:10AC6000401A38BF00207047818AC28A038A891A35
:10AC700048BF01EB430189B2994238BF0B461BB173
:10AC8000817809B142780AB100207047B0B582B02E
:10AC90000546007801F05AFC002841D0A9682B46EF
:10ACA00005F10C04B1B1DA882046002300F066FA01
:10ACB0002B465978E0B159BB9A68054618789978BF
:10ACC0004FF0000CD2B12B462C46CDF800C001F05D
:10ACD000BBFC1AE0998ADA8A188A891A48BF01EB04
:10ACE000400189B2814238BF084659780028E2D134
:10ACF000B1B91878997801F079FC11E022462B4619
:10AD00002C46CDF800C001F0E5FC0146284641B9CB
:10AD10004EF6F050CEF200000068C00700D000BE32
:10AD2000002002B0B0BD000010B582B0838AC48A92
:10AD300002464FF0000031B1A34204D1908801389F
:10AD4000084203D0002002B010BD00BF9178002956
:10AD5000F8D050780028F5D11078144601F0F6FBB1
:10AD60000028EFD06078B0B9A3682078A178224697
:10AD700033B1002400220023009401F065FC05E0BB
:10AD80000C3200240023009401F0A4FC00281EBF14
:10AD9000012002B010BD4EF6F050CEF20000006867
:10ADA000C007CFD000BECDE70021418101817047AF
:10ADB000B2F5004F05D80160002182808371418186
:10ADC00001810020B2F5004F98BF012070470000BC
:10ADD0002DE9F04F83B00C9E87889D1B48BF05EB83
:10ADE000470593462A0441D0AAB2974206D23A4672
:10ADF0009F4298BF5242D6183D4646810D9A00BFE9
:10AE0000B3B2BB420ED3F61BB3B2BB420AD3F61B9E
:10AE1000B3B2BB4206D3F31B9EB2BE42A3EB0706FE
:10AE2000EED21E46ABB2A7EB06085B4538BF9B4689
:10AE3000B3B20AB31FFA88F7D0F800A0BB450AEBFB
:10AE4000030931D91478CDF800B0604200EA080057
:10AE50001FFA80FEA64563D2CC460F467246000418
:10AE6000A4F1010B40F0B380BDE000BF4FF0000B38
:10AE7000584603B0BDE8F08F1FFA88F50268AB456D
:10AE80001A4443D9064608460F4611462A46ABEBFC
:10AE90000804F5F7FEFA3168A2B27819F5F7F9FA65
:10AEA000584603B0BDE8F08F12785846934503D258
:10AEB0005A46000476D1DBE7D9F80030801A0F46F5
:10AEC00085B247F8043B954209EB020354D3801A3C
:10AED00087B259F8025097424D6055D3801A87B215
:10AEE00059F81250974202EB42078D6054D359F83B
:10AEF0000770801A1344CF6087B2134403EB020932
:10AF0000974201F11001D7D248E000BF0846114630
:10AF10005A46F5F7BEFA584603B0BDE8F08F00BFB9
:10AF20000F46CC46DCF80020001B3D4686B245F8B3
:10AF3000042BA6420CEB040222D3001B86B25CF861
:10AF40000450A6427D6023D3001B86B25CF8143007
:10AF500004EB4405A642BB6032D35CF80530001B0D
:10AF60002244FB6083B2224402EB040CA34207F1AB
:10AF70001007D7D226E000BF994639460EE000BF41
:10AF800094462F461EE000BF09EB4209083105E058
:10AF90000CEB440C083715E00C31B94482B20004C4
:10AFA0003FF466AF0020029002A80C464946F5F730
:10AFB00070FA02982060584603B0BDE8F08F00BFD9
:10AFC0000C37AC4482B20004A4F1010B0BD000207A
:10AFD000029002A80D4661467646F5F75AFA0298A5
:10AFE000B646294638600098A0EB08070BEA08002F
:10AFF0005FFA80FBBBF1000F0EEB010820D0A4EB41
:10B000000B0009EB0E010DF1040986B248465A46C1
:10B01000F5F73FFAB8B2B04238BF0646F5B22DB1E7
:10B0200009EB0B0051462A46F5F733FA05EB0B0204
:10B03000A2420BD2DDF800B001A9464641E000BFB4
:10B04000DDF800B038044AD112E700BFDDF800B0E7
:10B05000AC4601A9464600BF0868121B334695B2AC
:10B0600043F8040BA54201EB04001BD3121B93B25F
:10B070000D59A342756019D3121B93B251F81450A5
:10B08000A342B56016D304EB4403121B2044C958F5
:10B0900093B22044F1600119A34206F11006DBD2FD
:10B0A0000CE000BF01461E4608E000BF01EB440172
:10B0B000083603E004EB44000C36014492B26546C6
:10B0C00032B10020029002A8F5F7E3F9029830604F
:10B0D00008F104087F1BAA4438043FF4C9AEBAB291
:10B0E000A2423ED3DAF800003F1B4146BAB241F813
:10B0F000040BA2420AEB040020D33F1BB9B25AF85A
:10B100000420A142C8F804201CD33F1BB9B25AF84E
:10B110001420A142C8F808201AD304EB44013F1BB5
:10B120005AF801102044C8F80C10B9B2204400EBC2
:10B13000040AA14208F11008D4D20EE082468846E3
:10B140000BE000BF0AEB440A08F1080805E000BF65
:10B1500004EB440008F10C088244BAB2002A3FF420
:10B1600087AE0020029002A85146F5F792F90298A6
:10B17000C8F80000584603B0BDE8F08F10B582B0A3
:10B180009C460389B0F80AE00446CDE900ECFFF7DD
:10B190001FFEA188B4F80AC00CEB00039AB2A3EB1F
:10B1A000410EB2EB410F28BF7346624538BF73466C
:10B1B000638102B010BD00002DE9F04F87B0002A76
:10B1C0006ED01446B0F808A04289877984468088FA
:10B1D000C7B1A0425CD9BAEB020748BF07EB4007F2
:10B1E000BFB22744B7EB400F1AD3071B07EB020A85
:10B1F0001FFA8AF7974224BF4200BA4298BFAAEBCF
:10B20000400A0DE0BAEB020248BF02EB400292B2E4
:10B21000821A38BF0022944228BF144622043FD02D
:10B22000524600BF97B287420ED3121A97B2874296
:10B230000AD3121A97B2874206D3171ABAB28242B9
:10B24000A7EB0002EED23A46A0EB020897B21FFA33
:10B2500088F6A2B253B3DCF80000B24200EB070B51
:10B2600036D9CDF808A093F800A00494CAF10000E4
:10B2700008EA0004A2B2CDF80CC05245019255D2A2
:10B2800058460D462704AAF1010740F0A080A8E027
:10B29000271A92460446002B08BF39442204BFD126
:10B2A0000024A0B207B0BDE8F08F00BFDCF80000BA
:10B2B000B2423844654640F2A4813246A4EB080805
:10B2C0000F46F5F7E6F828681FFA88F2B91998E1F1
:10B2D0001B789A426ED320460F4657F8042BC01AAB
:10B2E00085B2CBF800209D420BEB03024CD3C01A71
:10B2F00087B24D689F424BF803504DD3C01A87B2B6
:10B300008D689F4203EB43074BF813504CD3CD6835
:10B31000C01A1A444BF8075087B21A4402EB030BC9
:10B320009F4201F11001D7D240E000BF0D465846C0
:10B330002F4657F8042BA4EB0A04A6B20260564528
:10B3400000EB0A0224D3A4EB0A04A7B26E685745A7
:10B3500040F80A6024D3A4EB0A04A7B2AE685745AC
:10B360000AEB4A0740F81A602AD3EE68A4EB0A04F5
:10B370005244C651A7B2524402EB0A00574505F1A8
:10B380001005D5D21EE000BF934639460EE000BF3F
:10B3900010463D4616E000BF0BEB430B083105E0BD
:10B3A00000EB4A0008350DE00C31BB4482B2002AA4
:10B3B00000F02A81086806A906905846654620E1F3
:10B3C0000C353844A2B22704AAF1010709D02E682F
:10B3D00006AC0D46214606961C46F5F75AF8294656
:10B3E00023460498A0EB080907EA0800019FC2B2AF
:10B3F00007EB0108B2B1AAEB020080B21FFA89F193
:10B40000814238BF08465FFA80FE1D780092724480
:10B41000AA420BEB0700019010D276469A4605A887
:10B42000474641E0DDF80CC0DCF80000049CDDF884
:10B4300008A05FEA094140F09A80E5E005A8474688
:10B44000394651F804CB521B96B2C0F800C0AE4248
:10B4500000EB05061AD3521B91B27C68A9424451F5
:10B4600018D3521B91B2BC68A94205EB450140F8C4
:10B47000154013D3FC68521B2E44445091B22E4405
:10B480007019A94207F11007DAD209E030460F46D9
:10B4900006E000BF00EB4500083701E00C37084428
:10B4A00092B276469A4622B13968069106A9F4F717
:10B4B000F0FF009C0DF1140B01985946224608F14B
:10B4C0000408F4F7E6FFDDF80CC0002E43D0042E8C
:10B4D00006F0030002D2002123E000BF06F0FC01C9
:10B4E00004EB0B024942531C6FF003029F18DCF877
:10B4F0000040FD7814442571DCF800503C79154477
:10B500006C71DCF800507C791544AC71DCF80050AB
:10B51000BF79154404328C180434EF71E6D1009CD5
:10B52000111DC0B10A191BF80220DCF800300128F7
:10B530005A5410D04A1C13191BF80330DCF8007061
:10B540000228BB54009A06D0881C81181BF80110F1
:10B55000DCF800201154DCF80000A9EB06093044A7
:10B560005346049CDDF808A05FEA09414CD01978E5
:10B570001FFA89F28A423FD3434653F8042BA9EBC2
:10B5800001091FFA89F702608F4200EB010223D301
:10B59000A9EB01091FFA89F3D8F804708B424750D0
:10B5A0001ED3A9EB01091FFA89F3D8F808708B4262
:10B5B00001EB410340F8117018D3D8F80C70A9EBD7
:10B5C00001090A44C7501FFA89F30A4450188B42F4
:10B5D00008F11008D0D20CE01046984609E000BFF0
:10B5E00000EB410008F1080803E000BF08F10C0877
:10B5F00018441FFA89F23AB1D8F80010654606914E
:10B6000006A9F4F746FFAC460AEB0401BCF80400B7
:10B610008AB2A1EB4003B2EB400F28BF19461FFAD4
:10B620008AF0824238BF1946ACF80810A0B207B0C1
:10B63000BDE8F08F10B582B0002B14BF93F800E086
:10B640004FF0040E724503D21346120438D13FE086
:10B65000034653F804CBA2EB0E0294B2C1F800C02B
:10B66000744501EB0E0C1FD3A2EB0E0293B244689B
:10B67000734541F80E401DD3A2EB0E0293B28468CD
:10B6800073450EEB4E0341F81E4023D3C468A2EB72
:10B690000E02F444CC5093B2F4440CEB0E0173450B
:10B6A00000F11000D4D208E06146184693B21204AB
:10B6B00006D10DE001EB4E01083093B2120407D021
:10B6C000006801AA0190084611461A46F4F7E1FE07
:10B6D00002B010BD0C30194493B21204F0D1F7E758
:10B6E000F0B581B0002B074614BF187804208242C1
:10B6F00004D21346100433D13AE000BF0B68121A8B
:10B700003C4695B244F8043B854201EB00031BD351
:10B71000121A95B20C5885427C601BD3121A95B24E
:10B7200051F8106000EB40048542BE6022D3121A2B
:10B730000344095996B20344F9601918864207F187
:10B740001007DBD209E000BF1946274693B2100468
:10B7500006D10DE001EB4001083793B2100407D089
:10B760000020009068461A46F4F793FE009838606F
:10B7700001B0F0BD0C37214493B21004F0D1F7E7CB
:10B7800080B582B0D1F800C04B6840F21012C2F20E
:10B7900000024FF0000EC2E900C3C2E902EE0978D0
:10B7A000802222EA010100220023CDF800E000F00F
:10B7B0004BFF02B080BD00002DE9F04182B00E6861
:10B7C0004F6840F21015C2F20005C5E90067CC8849
:10B7D0004FF0000CA3422746AA60A5F80EC038BF60
:10B7E0001F46AF8174B12ABB23B34EF6F050CEF2A0
:10B7F00000000068C00700D000BE002002B0BDE815
:10B80000F08100BF0978802222EA01010022002392
:10B81000CDF800C000F018FF38BB4EF6F050CEF265
:10B8200000000068C007E8D000BE002002B0BDE8FC
:10B83000F08100BF402F28BF402731064FF00004A1
:10B840004FF0000107D505F1140C62454FF080015F
:10B8500018BF002B0ED1002B18BF05F114031A4698
:10B860003B46009400F0F0FE80B1012002B0BDE83C
:10B87000F08100BF52B18046604611463A461E46EE
:10B88000F4F707FE334640468021E4E74EF6F050D9
:10B89000CEF200000068C007AFD000BE002002B0AA
:10B8A000BDE8F081002070474CF61800C0F600009B
:10B8B000704700004CF67E00C0F6000070470000A4
:10B8C000002070470020704710B3042884BF002078
:10B8D0007047F0B581B040F22C01C2F2000151F87E
:10B8E00020402046F4F7B6FD10F0E00F18BF1F20EF
:10B8F00001064ED0C1B240F2082C042900F0030E1C
:10B90000C2F2000C18D20023BEF1000F2FD140E08C
:10B9100040F22C00C2F20000006840F208210088CA
:10B92000C2F2000148804FF4417140F20820C2F297
:10B9300000000180704700BF01F0FC014B42ACF1F8
:10B940000801651C6FF00302AE18F77804324F81CE
:10B9500037798F817779CF81B6790E829E18043638
:10B9600001F10801F0D1131DBEF1000F11D0E25C0E
:10B97000591CBEF1010F2CF811200AD0625C991CF1
:10B98000BEF1020F2CF8112003D0615C0CEB4302D6
:10B99000D180C0B2022101EB400040F4407101B0FF
:10B9A000BDE8F04040F20820C2F20000018070477C
:10B9B000704700002DE9F04F83B000EB400040F2EB
:10B9C0004827C2F2000707EB8016B07CA0B1994669
:10B9D00006F11005002B4FF0000A00F0A1804FEA9D
:10B9E000011B0BF10F009046B71C01900BF10500F5
:10B9F000002402901DE000BF0024204603B0BDE8F3
:10BA0000F08F00BF029838700221F171C8B2C1F105
:10BA100004013844C9B2F4F781FD284639460422AE
:10BA2000FFF7F4F80428A6F806A040F09180A1459D
:10BA300078D02846FFF70CF9042874D3B17918F9A7
:10BA4000040004F10104B9B1042973D27854B37825
:10BA5000B27903F00F03511C042BB17108BF10F130
:10BA6000090015D0F079C9B281420146DFD1C8B2D0
:10BA70000428CBD3D1E700BFB178022201F00F0137
:10BA80000429B271F0700DD10930BBD004221AE044
:10BA9000101D40EA0B00B070F171C8B20428B5D394
:10BAA000BBE700BFC1B2090910F1400F4FF004021B
:10BAB00006DB0E2904D020F01F02403206D10322FB
:10BAC00041EA0B003870F271B1E700BF0F2905D1D0
:10BAD00010F1100108D10420042116E00198A6F805
:10BAE00004A0B07090E700BF20F002010F3103D135
:10BAF0000221032009E000BF0E304FF002004FF09A
:10BB0000050108BF042008BF032141EA0B01F071C1
:10BB1000B1700221C9B2814201467FF488AFA6E725
:10BB2000002400E04C462846FFF79EF8204603B06C
:10BB3000BDE8F08F4EF6F050CEF200000068C0076E
:10BB40003FF45BAF00BE204603B0BDE8F08F00BFFE
:10BB50004EF6F050CEF200000068C0073FF44DAF43
:10BB600000BE204603B0BDE8F08F00007047000023
:10BB70007047000040F28810C2F20000007C0028EC
:10BB800018BF012070470000704700002DE9F04702
:10BB900040F20806C2F200063278FF2A02D00120E5
:10BBA000BDE8F087002941D040F28817C2F20007B3
:10BBB0008246884607F10C003721F4F7D1FC0020BB
:10BBC000387006F10C00FFF7EFF8301D7860781C34
:10BBD00000F0DCFB7978B860FF293FD04CF2C479E3
:10BBE0000025C0F600090024C8B2844204D2B86817
:10BBF00040B3284402E000BF484623D1406808B360
:10BC0000804779780134481CC0B2844205F124058C
:10BC1000EAD35046414686F800A0FDF7EBF948B359
:10BC20005046FDF709FA0120BDE8F0874EF6F050C6
:10BC3000CEF200000068C00723D0002000BEBDE89F
:10BC4000F08700BF4EF6F050CEF200000068C0074B
:10BC500017D0002000BEBDE8F08700BF4EF6F050C0
:10BC6000CEF200000068C0070BD0002000BEBDE887
:10BC7000F08700BF4EF6F050CEF200000068C0071B
:10BC800002D10020BDE8F087002000BEBDE8F087AB
:10BC900070470000704700002DE9F04F87B040F278
:10BCA0000805C2F200052878FF2800F01E8303AEC5
:10BCB00040F2881A301DC2F2000A4CF2C47B019097
:10BCC0000AF10C004FF0FF39C0F6000B4FF00008EE
:10BCD00002900DE09DF80C009DF81120059B00F0EE
:10BCE00079FB00BF08F10108B8F1100F00F0FD82E8
:10BCF0006968DAF80440002088472A8904F10800BE
:10BD000031460023FFF73AFA696807460120884761
:10BD1000002F00F0EA829DF80D000138072800F29C
:10BD2000DF80DFE800F0054D31392971B54500BFEE
:10BD30009AF80100FF2800F0DD809DF80C700026C5
:10BD400000240FE0584640F00B81C1683846884710
:10BD50009AF801000134411CC9B28C4206F1240654
:10BD600080F0C880C0B28442ECD2DAF80800002823
:10BD700000F0F6803044E8E79AF80C000028B1D0D3
:10BD8000FFF702FFAEE700BF9AF81200C007A9D084
:10BD90000498FFF77DFFA5E79AF80C000028A1D0D2
:10BDA0009AF80F00C0F34000FFF774FF9AE700BF56
:10BDB000049900293FF496AF0598884792E700BFA1
:10BDC0009AF80100FF2800F0B1809DF80C70002661
:10BDD00000240FE0584640F0CD80C16838468847BF
:10BDE0009AF801000134411CC9B28C4206F12406C4
:10BDF00080F09C80C0B28442ECD2DAF808000028BF
:10BE000000F0B8803044E8E79AF80000002800F01D
:10BE100059829AF8000001388AF800009AF8000068
:10BE200000287FF45FAF01208AF80C009AF83300F5
:10BE300000F0FE008AF833009AF8330000F0FB00AF
:10BE40008AF833009AF8340000F0FE008AF83400D3
:10BE50009AF8340000F0FB008AF834009DF80C706A
:10BE6000002000F0A5FA9DF81020C2F3411002282E
:10BE700000F09680032840F0A3804EF6F050CEF2FA
:10BE800000000068C00700F0128200BE0FE200BF91
:10BE90009DF8101011F00F000AEB400000EBD112DA
:10BEA00092F8333003F0FE0382F8333092F83330E7
:10BEB00003F0FB0382F833303FF40CAFCA0910449F
:10BEC00090F823009AF8012082425DD9DAF8082020
:10BED000002A00F0038200EBC00002EB800056E075
:10BEE0004EF6F050CEF200000068C0073FF4FAAE04
:10BEF00000BEF7E602983721F4F732FBCAF82F901C
:10BF0000CAF82B90CAF82790CAF82390CAF81F9055
:10BF1000CAF81B90CAF81790CAF8139000F03CFAC0
:10BF20009DF8100003AE8AF81100DBE60298372175
:10BF3000F4F716FBCAF82F90CAF82B90CAF827908E
:10BF4000CAF82390CAF81F90CAF81B90CAF8179035
:10BF5000CAF8139000F020FA00F0CEF903AEC1E663
:10BF60004EF6F050CEF200000068C007D6D000BEFA
:10BF7000D4E700BF4EF6F050CEF200000068C007D4
:10BF8000E8D000BEE6E700BF584640F0A7818769C9
:10BF90009DF80C009DF81120059BB847A2E600BF54
:10BFA0004CF2FD20C0F6000000F002FA019A38467B
:10BFB000012100F0A3F900287FF494AE77E100BFDF
:10BFC00002F01F01022937D001291DD0002959D1C3
:10BFD00001286BD1BDF8140010F0F00F40F067811C
:10BFE00000F00F005044C07C9AF80110814240F2EA
:10BFF000A380DAF80810002900F0598100EBC00096
:10C0000001EB80049BE000BFBDF8140010F0F00FBE
:10C0100040F04D8100F00F005044C07C9AF80110B0
:10C02000814253D9DAF80810002900F0408100EB72
:10C03000C00001EB80044CE0BDF8141001F00F00CB
:10C04000082829D20AEB4003C9B203EBD1139AF8AE
:10C05000016093F82330DAF808C003EBC3049E4272
:10C060004FF0000308BF5B4688BF0CEB840312F05F
:10C07000600F4DD0002B03AE00F0198158691C46AB
:10C080005EE000BF4EF6F050CEF200000068C00740
:10C0900000F00D8100BE0AE14EF6F050CEF2000035
:10C0A0000068C00700F0038100BE00E19DF81100A8
:10C0B00009284DD8DFE800F006784CA84CB4C04CF5
:10C0C000568400BF9AF80F0063E000BF5C4640F062
:10C0D000EE80606900F06CF96369019A38460121CD
:10C0E000984700287FF4FEAD9DF8100010F0600F17
:10C0F00040F0DD80002000F05BF99DF811000B2876
:10C1000000F0C4800A2840F0D28000202CE000BF5C
:10C110009DF81120032A18BF012A2FD1BDF8120063
:10C1200003AE002840F09B801C460020012A40F00E
:10C13000938000F019FA91E05C4640F0B8806069A5
:10C1400000F036F96369019A38460121984732E7D1
:10C150004EF6F050CEF200000068C00700F0A78055
:10C1600000BEA4E09AF8100001998DF81A00384634
:10C170000DF11A020123FFF71FFBB3E5002A03AEFE
:10C1800060D10AEB4000C909084490F83300C0F3BD
:10C1900040000199ADF81A0038460DF11A02022349
:10C1A000FFF70AFB9EE500BFBDF81200012840F032
:10C1B0007E809AF80F0000F0FD008AF80F0065E01D
:10C1C0009DF812109AF8100088425FD078B1384676
:10C1D00000910021FDF708F93846FCF7E5F99AF8D7
:10C1E00011403846FCF72EF900998AF811400029D1
:10C1F0008AF8101048D03846FEF774FB00284BD060
:10C20000FFF7B6FC42E000BFBDF8120001284ED196
:10C210009AF80F0040F002008AF80F0036E000BFE5
:10C22000019800F0CBF89DF812103846FDF7D0F8D1
:10C2300001208AF80D0055E501993846FEF7F0FA1D
:10C24000B9E600BF4EF6F050CEF200000068C0071D
:10C250002DD000BE2BE000BF00F0D6F92346002B06
:10C260003FF440AD58691C4600F0A2F86369019A9A
:10C27000384601219847002000F09AF89AF83400D7
:10C28000C0077FF42FAD01E000F036F80199384681
:10C29000FFF776FA26E500BF00208AF810004EF678
:10C2A000F050CEF200000068C00700D000BE9DF83C
:10C2B0000C000021FCF754FA9DF80C008021FCF7DB
:10C2C0004FFA0FE54EF6F050CEF200000068C007BE
:10C2D0000BD000BE07B0BDE8F08F00BF4EF6F050A7
:10C2E000CEF200000068C00702D107B0BDE8F08FB1
:10C2F00000BE07B0BDE8F08F704700000020704717
:10C3000010B582B0F1B1012810D80A7872B140F2AC
:10C310000833C2F200031A540A78012A02D1FFF747
:10C3200035FC48B3012002B010BD00BF4EF6F050FE
:10C33000CEF200000068C00700D000BE002002B0AE
:10C3400010BD00BF01240DF106010020ADF806402C
:10C35000FFF71CFC30B140F20831C2F200010C7052
:10C3600002B010BD4EF6F051CEF200010968C907C7
:10C37000E5D000BE02B010BD4EF6F050CEF2000087
:10C380000068C007DAD000BED8E7000001460022EE
:10C3900000200A707047000040F21010C2F2000046
:10C3A0000021C0E90011C0E90211016170470000DD
:10C3B00040F21011C2F20001086170470168406844
:10C3C00040F21012C2F200020023C2E90010C2E9DA
:10C3D000023370472DE9F04782B040F21014C2F2E8
:10C3E000000494F90070794049B2B1F1FF3F11DDCA
:10C3F000A268002F2FD4B2B104F114018A4229D0CF
:10C40000054610461A461E46F4F743F8A26833461E
:10C41000284620E063B14EF6F050CEF200000068EE
:10C42000C00700D000BE002002B0BDE8F08700BF0A
:10C4300021460546FCF752F8236933B140F2101249
:10C440002846C2F2000203219847012002B0BDE84D
:10C45000F08700BF0A46E189402B01EB030602EB9F
:10C460000301E681A16031D3E388B5B2AB422DD0A0
:10C47000A7894FF0000ABB1B9BB24FF0000C402B6A
:10C4800028BF402394F90060B6F1FF3F07DCAF42BC
:10C490004FF0800C1CBF04F1140E714548D17A1B7B
:10C4A000614618BF04F11402CDF800A000F0CCF8EA
:10C4B0000028CAD14EF6F050CEF200000068C00746
:10C4C000B1D000BE002002B0BDE8F08723694BB1B7
:10C4D00040F21012C2F200020221054698470146BE
:10C4E0002846C9B121788022002722EA01010022D2
:10C4F0000023009700F0A8F80028A6D14EF6F050CF
:10C50000CEF200000068C0073FF48DAF00BE0020EF
:10C5100002B0BDE8F08700BF00210446FCF720F917
:10C5200020468021FCF71CF9012002B0BDE8F0870D
:10C53000002ABFD0804670461A469946F3F7A9FFF5
:10C540004B4640464FF0800CA9E7000040F28812AD
:10C5500001F00F00C2F2000202EB400000EBD1102C
:10C5600000213330FEF7A8BA10B540F20800C2F23D
:10C57000000000780C46FBF7CBFF40F2881104F076
:10C580000F00C2F2000101EB400000EBD41090F864
:10C59000331001F0FD0180F8331090F8331001F0F2
:10C5A000FE0180F8331010BD887800070AD488880F
:10C5B000400511D040F20800C2F200000078FCF7FC
:10C5C00029B800BF4EF6F050CEF200000068C00758
:10C5D0000AD0002000BE70474EF6F050CEF20000A8
:10C5E0000068C00700D000BE0020704740F28812EB
:10C5F00001F00F00C2F2000202EB400000EBD1108C
:10C6000000213330FEF76CBA10B540F20800C2F2D8
:10C61000000000780C46FCF7A3F840F2881104F003
:10C620000F00C2F2000101EB400000EBD41090F8C3
:10C63000331041F0020180F8331090F8331041F0CC
:10C64000010180F8331010BDB0B582B040F28814FB
:10C6500001F00F00C2F2000404EB400040F2080CAD
:10C6600000EBD115C2F2000C9CF8000015F833CF96
:10C670005FEACC7422D12C78DDF818C044F00104B4
:10C680002C70CDF800C0FCF7A9F800281EBF0120CF
:10C6900002B0B0BD287800F0FE002870287800F0C5
:10C6A000FB0028704EF6F050CEF200000068C00784
:10C6B00000D000BE002002B0B0BD00BF4EF6F0506A
:10C6C000CEF200000068C007F4D000BE002002B027
:10C6D000B0BD0000B0B582B040F2881401F00F0088
:10C6E000C2F2000404EB400040F2080C00EBD1154C
:10C6F000C2F2000C9CF8000015F833CF5FEACC744E
:10C7000022D12C78DDF818C044F001042C70CDF84B
:10C7100000C0FCF7B9F800281EBF012002B0B0BD70
:10C72000287800F0FE002870287800F0FB002870C0
:10C730004EF6F050CEF200000068C00700D000BEF8
:10C74000002002B0B0BD00BF4EF6F050CEF20000A7
:10C750000068C007F4D000BE002002B0B0BD0000E9
:10C76000014640F20800C2F200000078002908BF2C
:10C77000FCF756BCFCF760BCF1EE100A4FF6FF71F7
:10C78000C0F2C03120EA010040F04070E1EE100A32
:10C7900070470904000000000000000001020304CB
:10C7A000060708090000000001020304010002005E
:10C7B0000400060008000A000C00100020004000E1
:10C7C000800000010000000061A500085DA50008D0
:10C7D0002DA70008ADA5000859A5000859A7000815
:10C7E0000000000000000000020000000400000043
:10C7F0000800000010000000FDFFFFFFFBFFFFFF2F
:10C80000F7FFFFFFEFFFFFFFFFFDFFFFFFFBFFFF56
:10C81000FFF7FFFFFFEFFFFF090265000201008045
:10C82000320904000000010100040924010001098B
:10C8300000010109040100020103000007240100B6
:10C84000014100062402010100062402020200093F
:10C850002403010301020100092403020401010170
:10C860000009050102400000000005250101010941
:10C8700005810240000000000525010103001201AE
:10C88000000200000040FECA014000010102030155
:10C890003132333435360073746D3332206D696450
:10C8A00069004B6F62652044656D65747365720045
:10C8B000D0C800080000002040000000B8020008B6
:10C8C00010C900084000002028150000D802000808
:10C8D0000100000010000000FF00000061C7000818
:10C8E0000C0000000A030020C0000000000000004F
:10C8F000004400400090D003FFFF000092C70008F2
:10C90000A2C8000897C8000890C8000897C8000887
:040000050800025598
:00000001FF
